[
{
    "model": "auth.group",
    "fields": {
        "name": "Standard Users",
        "permissions": [
            [
                "add_death",
                "tsuro_app",
                "death"
            ],
            [
                "change_death",
                "tsuro_app",
                "death"
            ],
            [
                "delete_death",
                "tsuro_app",
                "death"
            ],
            [
                "view_death",
                "tsuro_app",
                "death"
            ],
            [
                "add_doe",
                "tsuro_app",
                "doe"
            ],
            [
                "change_doe",
                "tsuro_app",
                "doe"
            ],
            [
                "delete_doe",
                "tsuro_app",
                "doe"
            ],
            [
                "view_doe",
                "tsuro_app",
                "doe"
            ],
            [
                "add_harvest",
                "tsuro_app",
                "harvest"
            ],
            [
                "change_harvest",
                "tsuro_app",
                "harvest"
            ],
            [
                "delete_harvest",
                "tsuro_app",
                "harvest"
            ],
            [
                "view_harvest",
                "tsuro_app",
                "harvest"
            ],
            [
                "add_house",
                "tsuro_app",
                "house"
            ],
            [
                "change_house",
                "tsuro_app",
                "house"
            ],
            [
                "delete_house",
                "tsuro_app",
                "house"
            ],
            [
                "view_house",
                "tsuro_app",
                "house"
            ],
            [
                "add_kit",
                "tsuro_app",
                "kit"
            ],
            [
                "change_kit",
                "tsuro_app",
                "kit"
            ],
            [
                "delete_kit",
                "tsuro_app",
                "kit"
            ],
            [
                "view_kit",
                "tsuro_app",
                "kit"
            ],
            [
                "add_litter",
                "tsuro_app",
                "litter"
            ],
            [
                "change_litter",
                "tsuro_app",
                "litter"
            ],
            [
                "delete_litter",
                "tsuro_app",
                "litter"
            ],
            [
                "view_litter",
                "tsuro_app",
                "litter"
            ],
            [
                "add_note",
                "tsuro_app",
                "note"
            ],
            [
                "change_note",
                "tsuro_app",
                "note"
            ],
            [
                "delete_note",
                "tsuro_app",
                "note"
            ],
            [
                "view_note",
                "tsuro_app",
                "note"
            ],
            [
                "add_sale",
                "tsuro_app",
                "sale"
            ],
            [
                "change_sale",
                "tsuro_app",
                "sale"
            ],
            [
                "delete_sale",
                "tsuro_app",
                "sale"
            ],
            [
                "view_sale",
                "tsuro_app",
                "sale"
            ],
            [
                "add_sire",
                "tsuro_app",
                "sire"
            ],
            [
                "change_sire",
                "tsuro_app",
                "sire"
            ],
            [
                "delete_sire",
                "tsuro_app",
                "sire"
            ],
            [
                "view_sire",
                "tsuro_app",
                "sire"
            ],
            [
                "add_tasktracker",
                "tsuro_app",
                "tasktracker"
            ],
            [
                "change_tasktracker",
                "tsuro_app",
                "tasktracker"
            ],
            [
                "delete_tasktracker",
                "tsuro_app",
                "tasktracker"
            ],
            [
                "view_tasktracker",
                "tsuro_app",
                "tasktracker"
            ],
            [
                "add_weanergroup",
                "tsuro_app",
                "weanergroup"
            ],
            [
                "change_weanergroup",
                "tsuro_app",
                "weanergroup"
            ],
            [
                "delete_weanergroup",
                "tsuro_app",
                "weanergroup"
            ],
            [
                "view_weanergroup",
                "tsuro_app",
                "weanergroup"
            ],
            [
                "add_weighing",
                "tsuro_app",
                "weighing"
            ],
            [
                "change_weighing",
                "tsuro_app",
                "weighing"
            ],
            [
                "delete_weighing",
                "tsuro_app",
                "weighing"
            ],
            [
                "view_weighing",
                "tsuro_app",
                "weighing"
            ]
        ]
    }
},
{
    "model": "sessions.session",
    "pk": "zfxuwx89z0zpl9v3iyut41svix4fek88",
    "fields": {
        "session_data": ".eJxVjMEOwiAQRP-FsyEsVKQevfcbyC4LUjWQlPZk_Hdp0oPeJvPezFt43NbstxYXP7O4ChCn344wPGPZAT-w3KsMtazLTHJX5EGbnCrH1-1w_w4yttzXShOkxKhxVDrRxcYwWjCsLEFQqWdgwy6anggG0GEg58glpQD1OYjPF-lgN7I:1lF9CH:fdOTLfg7057id61Ixa5gOHrnh5Fs_g3oF7fIwiuOL14",
        "expire_date": "2021-03-11T05:28:21.031Z"
    }
},
{
    "model": "tsuro_auth.systemuser",
    "fields": {
        "password": "pbkdf2_sha256$216000$NUG7VsgVkHz5$T2LiOVJJZ4i8GugweI1BTWF6gj2Qz3XGKCiXNHbxtJw=",
        "last_login": "2021-02-25T05:28:21.013Z",
        "is_superuser": false,
        "username": "test_user",
        "first_name": "",
        "last_name": "",
        "email": "test@mail.com",
        "is_staff": true,
        "is_active": true,
        "date_joined": "2021-02-25T05:28:20.668Z",
        "works_for": null,
        "weaner_reset": true,
        "is_admin": false,
        "paid_till": "2021-03-27",
        "lifetime_member": false,
        "books_account_created": false,
        "groups": [
            [
                "Standard Users"
            ]
        ],
        "user_permissions": []
    }
},
{
    "model": "tsuro_auth.systemuser",
    "fields": {
        "password": "pbkdf2_sha256$216000$KFHfaJH2qAZc$DfUthzwID7uK/v3mvGZin4G79QlCTQO2B3OZh5HtB8g=",
        "last_login": null,
        "is_superuser": true,
        "username": "test_admin",
        "first_name": "",
        "last_name": "",
        "email": "t@mail.com",
        "is_staff": true,
        "is_active": true,
        "date_joined": "2021-02-25T05:29:11.255Z",
        "works_for": null,
        "weaner_reset": false,
        "is_admin": false,
        "paid_till": "2021-03-28",
        "lifetime_member": false,
        "books_account_created": false,
        "groups": [
            [
                "Standard Users"
            ]
        ],
        "user_permissions": []
    }
},
{
    "model": "tsuro_app.tasktracker",
    "pk": 1,
    "fields": {
        "created": "2021-02-25T05:40:00.160Z",
        "last_updated": "2021-02-25T05:40:00.160Z",
        "user": [
            "test_user"
        ],
        "ordering": "gAJ9cQAoWA4AAABwcmVnbmFuY3lfZG9lc3EBfXECKFgDAAAAcGtzcQNdcQRYBgAAAHZhbHVlc3EFXXEGdVgJAAAAbWF0ZV9kb2VzcQd9cQgoaANdcQloBV1xCnVYCAAAAGJveF9kb2VzcQt9cQwoaANdcQ1oBV1xDnVYDAAAAHdlYW5fbGl0dGVyc3EPfXEQKGgDXXERaAVdcRJ1WA8AAABoYXJ2ZXN0X3dlYW5lcnNxE31xFChoA11xFWgFXXEWdXUu",
        "mate_does": [],
        "pregnancy_does": [],
        "box_does": [],
        "wean_litters": [],
        "harvest_weaners": []
    }
},
{
    "model": "tsuro_app.usersettings",
    "pk": 1,
    "fields": {
        "created": "2021-02-25T05:28:20.999Z",
        "last_updated": "2021-02-25T05:28:20.999Z",
        "user": [
            "test_user"
        ],
        "mating_delay_period": 18,
        "gestation_period": 35.0,
        "days_till_pregnancy_check": 14,
        "days_till_box": 25,
        "days_to_birth": 30,
        "days_to_weaning": 30,
        "breeding_frequency": 45,
        "weeks_till_sale": 12,
        "minimun_doe_age": 5.0
    }
},
{
    "model": "tsuro_app.usersettings",
    "pk": 2,
    "fields": {
        "created": "2021-02-25T05:29:11.508Z",
        "last_updated": "2021-02-25T05:29:11.508Z",
        "user": [
            "test_admin"
        ],
        "mating_delay_period": 18,
        "gestation_period": 35.0,
        "days_till_pregnancy_check": 14,
        "days_till_box": 25,
        "days_to_birth": 30,
        "days_to_weaning": 30,
        "breeding_frequency": 45,
        "weeks_till_sale": 12,
        "minimun_doe_age": 5.0
    }
},
{
    "model": "tsuro_app.causes",
    "pk": 1,
    "fields": {
        "created": "2021-02-25T05:28:21.005Z",
        "last_updated": "2021-02-25T05:28:21.005Z",
        "user": [
            "test_user"
        ],
        "text": "Canibalized by mother"
    }
},
{
    "model": "tsuro_app.causes",
    "pk": 2,
    "fields": {
        "created": "2021-02-25T05:28:21.005Z",
        "last_updated": "2021-02-25T05:28:21.005Z",
        "user": [
            "test_user"
        ],
        "text": "Starvation"
    }
},
{
    "model": "tsuro_app.causes",
    "pk": 3,
    "fields": {
        "created": "2021-02-25T05:28:21.005Z",
        "last_updated": "2021-02-25T05:28:21.005Z",
        "user": [
            "test_user"
        ],
        "text": "Bloat"
    }
},
{
    "model": "tsuro_app.causes",
    "pk": 4,
    "fields": {
        "created": "2021-02-25T05:28:21.005Z",
        "last_updated": "2021-02-25T05:28:21.005Z",
        "user": [
            "test_user"
        ],
        "text": "Predators"
    }
},
{
    "model": "tsuro_app.causes",
    "pk": 5,
    "fields": {
        "created": "2021-02-25T05:28:21.005Z",
        "last_updated": "2021-02-25T05:28:21.005Z",
        "user": [
            "test_user"
        ],
        "text": "Heat Stroke"
    }
},
{
    "model": "tsuro_app.causes",
    "pk": 6,
    "fields": {
        "created": "2021-02-25T05:28:21.005Z",
        "last_updated": "2021-02-25T05:28:21.005Z",
        "user": [
            "test_user"
        ],
        "text": "Disease"
    }
},
{
    "model": "tsuro_app.causes",
    "pk": 7,
    "fields": {
        "created": "2021-02-25T05:28:21.005Z",
        "last_updated": "2021-02-25T05:28:21.006Z",
        "user": [
            "test_user"
        ],
        "text": "Unknown"
    }
},
{
    "model": "books.accountsettings",
    "pk": 1,
    "fields": {
        "financial_year_start": "2021-02-25"
    }
},
{
    "model": "books.systemaccount",
    "pk": 1,
    "fields": {
        "name": "opexa_books",
        "email": null,
        "settings": 1,
        "initial_setup_done": false,
        "created": "2021-02-25T05:25:01.447Z",
        "users": []
    }
},
{
    "model": "books.accountgroup",
    "pk": 1,
    "fields": {
        "parent": null,
        "name": "current assets",
        "description": null,
        "system_account": 1,
        "lft": 1,
        "rght": 10,
        "tree_id": 1,
        "level": 0
    }
},
{
    "model": "books.accountgroup",
    "pk": 2,
    "fields": {
        "parent": 1,
        "name": "cash and cash equivalents",
        "description": null,
        "system_account": 1,
        "lft": 2,
        "rght": 3,
        "tree_id": 1,
        "level": 1
    }
},
{
    "model": "books.accountgroup",
    "pk": 3,
    "fields": {
        "parent": 1,
        "name": "accounts receivable",
        "description": null,
        "system_account": 1,
        "lft": 4,
        "rght": 5,
        "tree_id": 1,
        "level": 1
    }
},
{
    "model": "books.accountgroup",
    "pk": 4,
    "fields": {
        "parent": 1,
        "name": "inventory",
        "description": null,
        "system_account": 1,
        "lft": 6,
        "rght": 7,
        "tree_id": 1,
        "level": 1
    }
},
{
    "model": "books.accountgroup",
    "pk": 5,
    "fields": {
        "parent": 1,
        "name": "other current assets",
        "description": null,
        "system_account": 1,
        "lft": 8,
        "rght": 9,
        "tree_id": 1,
        "level": 1
    }
},
{
    "model": "books.accountgroup",
    "pk": 6,
    "fields": {
        "parent": null,
        "name": "long-term assets",
        "description": null,
        "system_account": 1,
        "lft": 1,
        "rght": 4,
        "tree_id": 2,
        "level": 0
    }
},
{
    "model": "books.accountgroup",
    "pk": 7,
    "fields": {
        "parent": 6,
        "name": "property, plant and equipment",
        "description": null,
        "system_account": 1,
        "lft": 2,
        "rght": 3,
        "tree_id": 2,
        "level": 1
    }
},
{
    "model": "books.accountgroup",
    "pk": 8,
    "fields": {
        "parent": null,
        "name": "current liabilities",
        "description": null,
        "system_account": 1,
        "lft": 1,
        "rght": 6,
        "tree_id": 3,
        "level": 0
    }
},
{
    "model": "books.accountgroup",
    "pk": 9,
    "fields": {
        "parent": 8,
        "name": "accounts payable",
        "description": null,
        "system_account": 1,
        "lft": 2,
        "rght": 3,
        "tree_id": 3,
        "level": 1
    }
},
{
    "model": "books.accountgroup",
    "pk": 10,
    "fields": {
        "parent": 8,
        "name": "other current liabilities",
        "description": null,
        "system_account": 1,
        "lft": 4,
        "rght": 5,
        "tree_id": 3,
        "level": 1
    }
},
{
    "model": "books.accountgroup",
    "pk": 11,
    "fields": {
        "parent": null,
        "name": "long-term liabilities",
        "description": null,
        "system_account": 1,
        "lft": 1,
        "rght": 6,
        "tree_id": 4,
        "level": 0
    }
},
{
    "model": "books.accountgroup",
    "pk": 12,
    "fields": {
        "parent": 11,
        "name": "mortgages",
        "description": null,
        "system_account": 1,
        "lft": 2,
        "rght": 3,
        "tree_id": 4,
        "level": 1
    }
},
{
    "model": "books.accountgroup",
    "pk": 13,
    "fields": {
        "parent": 11,
        "name": "loans",
        "description": null,
        "system_account": 1,
        "lft": 4,
        "rght": 5,
        "tree_id": 4,
        "level": 1
    }
},
{
    "model": "books.accountgroup",
    "pk": 14,
    "fields": {
        "parent": null,
        "name": "equity",
        "description": null,
        "system_account": 1,
        "lft": 1,
        "rght": 6,
        "tree_id": 5,
        "level": 0
    }
},
{
    "model": "books.accountgroup",
    "pk": 15,
    "fields": {
        "parent": 14,
        "name": "capital",
        "description": null,
        "system_account": 1,
        "lft": 2,
        "rght": 3,
        "tree_id": 5,
        "level": 1
    }
},
{
    "model": "books.accountgroup",
    "pk": 16,
    "fields": {
        "parent": 14,
        "name": "retained earnings",
        "description": null,
        "system_account": 1,
        "lft": 4,
        "rght": 5,
        "tree_id": 5,
        "level": 1
    }
},
{
    "model": "books.accountgroup",
    "pk": 17,
    "fields": {
        "parent": null,
        "name": "income",
        "description": null,
        "system_account": 1,
        "lft": 1,
        "rght": 6,
        "tree_id": 6,
        "level": 0
    }
},
{
    "model": "books.accountgroup",
    "pk": 18,
    "fields": {
        "parent": 17,
        "name": "revenue",
        "description": null,
        "system_account": 1,
        "lft": 2,
        "rght": 3,
        "tree_id": 6,
        "level": 1
    }
},
{
    "model": "books.accountgroup",
    "pk": 19,
    "fields": {
        "parent": null,
        "name": "cost of sales",
        "description": null,
        "system_account": 1,
        "lft": 1,
        "rght": 4,
        "tree_id": 7,
        "level": 0
    }
},
{
    "model": "books.accountgroup",
    "pk": 27,
    "fields": {
        "parent": 19,
        "name": "cost of production",
        "description": null,
        "system_account": 1,
        "lft": 2,
        "rght": 3,
        "tree_id": 7,
        "level": 1
    }
},
{
    "model": "books.accountgroup",
    "pk": 28,
    "fields": {
        "parent": null,
        "name": "expense",
        "description": null,
        "system_account": 1,
        "lft": 1,
        "rght": 14,
        "tree_id": 8,
        "level": 0
    }
},
{
    "model": "books.accountgroup",
    "pk": 29,
    "fields": {
        "parent": 28,
        "name": "research and development",
        "description": null,
        "system_account": 1,
        "lft": 2,
        "rght": 3,
        "tree_id": 8,
        "level": 1
    }
},
{
    "model": "books.accountgroup",
    "pk": 30,
    "fields": {
        "parent": 28,
        "name": "sales and marketing",
        "description": null,
        "system_account": 1,
        "lft": 4,
        "rght": 5,
        "tree_id": 8,
        "level": 1
    }
},
{
    "model": "books.accountgroup",
    "pk": 31,
    "fields": {
        "parent": 28,
        "name": "general and administrative",
        "description": null,
        "system_account": 1,
        "lft": 6,
        "rght": 7,
        "tree_id": 8,
        "level": 1
    }
},
{
    "model": "books.accountgroup",
    "pk": 32,
    "fields": {
        "parent": 28,
        "name": "depreciation",
        "description": null,
        "system_account": 1,
        "lft": 8,
        "rght": 9,
        "tree_id": 8,
        "level": 1
    }
},
{
    "model": "books.accountgroup",
    "pk": 33,
    "fields": {
        "parent": 28,
        "name": "finance costs",
        "description": null,
        "system_account": 1,
        "lft": 10,
        "rght": 11,
        "tree_id": 8,
        "level": 1
    }
},
{
    "model": "books.accountgroup",
    "pk": 34,
    "fields": {
        "parent": 17,
        "name": "other income",
        "description": null,
        "system_account": 1,
        "lft": 4,
        "rght": 5,
        "tree_id": 6,
        "level": 1
    }
},
{
    "model": "books.accountgroup",
    "pk": 35,
    "fields": {
        "parent": 28,
        "name": "income tax expense",
        "description": null,
        "system_account": 1,
        "lft": 12,
        "rght": 13,
        "tree_id": 8,
        "level": 1
    }
},
{
    "model": "books.account",
    "pk": 1,
    "fields": {
        "parent": null,
        "code": "1000",
        "name": "Bank",
        "account_group": 2,
        "system_account": 1,
        "increase_balance": "D",
        "address_id": null,
        "lft": 1,
        "rght": 2,
        "tree_id": 1,
        "level": 0
    }
},
{
    "model": "books.account",
    "pk": 2,
    "fields": {
        "parent": null,
        "code": "1001",
        "name": "Cash",
        "account_group": 2,
        "system_account": 1,
        "increase_balance": "D",
        "address_id": null,
        "lft": 1,
        "rght": 2,
        "tree_id": 2,
        "level": 0
    }
},
{
    "model": "books.account",
    "pk": 3,
    "fields": {
        "parent": null,
        "code": "1002",
        "name": "Ecocash",
        "account_group": 2,
        "system_account": 1,
        "increase_balance": "D",
        "address_id": null,
        "lft": 1,
        "rght": 2,
        "tree_id": 3,
        "level": 0
    }
},
{
    "model": "books.account",
    "pk": 4,
    "fields": {
        "parent": null,
        "code": "1010",
        "name": "Bank Savings",
        "account_group": 2,
        "system_account": 1,
        "increase_balance": "D",
        "address_id": null,
        "lft": 1,
        "rght": 2,
        "tree_id": 4,
        "level": 0
    }
},
{
    "model": "books.account",
    "pk": 5,
    "fields": {
        "parent": null,
        "code": "1030",
        "name": "Petty Cash",
        "account_group": 2,
        "system_account": 1,
        "increase_balance": "D",
        "address_id": null,
        "lft": 1,
        "rght": 2,
        "tree_id": 5,
        "level": 0
    }
},
{
    "model": "books.account",
    "pk": 6,
    "fields": {
        "parent": null,
        "code": "1200",
        "name": "Accounts Receivable",
        "account_group": 3,
        "system_account": 1,
        "increase_balance": "D",
        "address_id": null,
        "lft": 1,
        "rght": 2,
        "tree_id": 6,
        "level": 0
    }
},
{
    "model": "books.account",
    "pk": 7,
    "fields": {
        "parent": null,
        "code": "1210",
        "name": "Allowance For Bad Debts",
        "account_group": 3,
        "system_account": 1,
        "increase_balance": "D",
        "address_id": null,
        "lft": 1,
        "rght": 2,
        "tree_id": 7,
        "level": 0
    }
},
{
    "model": "books.account",
    "pk": 8,
    "fields": {
        "parent": null,
        "code": "1400",
        "name": "Stock/Inventory",
        "account_group": 4,
        "system_account": 1,
        "increase_balance": "D",
        "address_id": null,
        "lft": 1,
        "rght": 2,
        "tree_id": 8,
        "level": 0
    }
},
{
    "model": "books.account",
    "pk": 9,
    "fields": {
        "parent": null,
        "code": "1600",
        "name": "Prepayments",
        "account_group": 5,
        "system_account": 1,
        "increase_balance": "D",
        "address_id": null,
        "lft": 1,
        "rght": 2,
        "tree_id": 9,
        "level": 0
    }
},
{
    "model": "books.account",
    "pk": 10,
    "fields": {
        "parent": null,
        "code": "1800",
        "name": "Property",
        "account_group": 7,
        "system_account": 1,
        "increase_balance": "D",
        "address_id": null,
        "lft": 1,
        "rght": 2,
        "tree_id": 10,
        "level": 0
    }
},
{
    "model": "books.account",
    "pk": 11,
    "fields": {
        "parent": null,
        "code": "1810",
        "name": "Property Depreciation",
        "account_group": 7,
        "system_account": 1,
        "increase_balance": "D",
        "address_id": null,
        "lft": 1,
        "rght": 2,
        "tree_id": 11,
        "level": 0
    }
},
{
    "model": "books.account",
    "pk": 12,
    "fields": {
        "parent": null,
        "code": "1820",
        "name": "Plant",
        "account_group": 7,
        "system_account": 1,
        "increase_balance": "D",
        "address_id": null,
        "lft": 1,
        "rght": 2,
        "tree_id": 12,
        "level": 0
    }
},
{
    "model": "books.account",
    "pk": 13,
    "fields": {
        "parent": null,
        "code": "1830",
        "name": "Plant Depreciation",
        "account_group": 7,
        "system_account": 1,
        "increase_balance": "D",
        "address_id": null,
        "lft": 1,
        "rght": 2,
        "tree_id": 13,
        "level": 0
    }
},
{
    "model": "books.account",
    "pk": 14,
    "fields": {
        "parent": null,
        "code": "1840",
        "name": "Equipment",
        "account_group": 7,
        "system_account": 1,
        "increase_balance": "D",
        "address_id": null,
        "lft": 1,
        "rght": 2,
        "tree_id": 14,
        "level": 0
    }
},
{
    "model": "books.account",
    "pk": 15,
    "fields": {
        "parent": null,
        "code": "1850",
        "name": "Equipment Depreciation",
        "account_group": 7,
        "system_account": 1,
        "increase_balance": "D",
        "address_id": null,
        "lft": 1,
        "rght": 2,
        "tree_id": 15,
        "level": 0
    }
},
{
    "model": "books.account",
    "pk": 16,
    "fields": {
        "parent": null,
        "code": "2000",
        "name": "Accounts Payable",
        "account_group": 9,
        "system_account": 1,
        "increase_balance": "C",
        "address_id": null,
        "lft": 1,
        "rght": 2,
        "tree_id": 16,
        "level": 0
    }
},
{
    "model": "books.account",
    "pk": 17,
    "fields": {
        "parent": null,
        "code": "2200",
        "name": "Payroll Payable",
        "account_group": 10,
        "system_account": 1,
        "increase_balance": "C",
        "address_id": null,
        "lft": 1,
        "rght": 2,
        "tree_id": 17,
        "level": 0
    }
},
{
    "model": "books.account",
    "pk": 18,
    "fields": {
        "parent": null,
        "code": "2210",
        "name": "Interest Payable",
        "account_group": 10,
        "system_account": 1,
        "increase_balance": "C",
        "address_id": null,
        "lft": 1,
        "rght": 2,
        "tree_id": 18,
        "level": 0
    }
},
{
    "model": "books.account",
    "pk": 19,
    "fields": {
        "parent": null,
        "code": "2220",
        "name": "Accrued Expenses",
        "account_group": 10,
        "system_account": 1,
        "increase_balance": "C",
        "address_id": null,
        "lft": 1,
        "rght": 2,
        "tree_id": 19,
        "level": 0
    }
},
{
    "model": "books.account",
    "pk": 20,
    "fields": {
        "parent": null,
        "code": "2230",
        "name": "Unearned Revenue",
        "account_group": 10,
        "system_account": 1,
        "increase_balance": "C",
        "address_id": null,
        "lft": 1,
        "rght": 2,
        "tree_id": 20,
        "level": 0
    }
},
{
    "model": "books.account",
    "pk": 21,
    "fields": {
        "parent": null,
        "code": "2240",
        "name": "Sales Tax Payable",
        "account_group": 10,
        "system_account": 1,
        "increase_balance": "C",
        "address_id": null,
        "lft": 1,
        "rght": 2,
        "tree_id": 21,
        "level": 0
    }
},
{
    "model": "books.account",
    "pk": 22,
    "fields": {
        "parent": null,
        "code": "2250",
        "name": "Purchase Tax Payable",
        "account_group": 10,
        "system_account": 1,
        "increase_balance": "C",
        "address_id": null,
        "lft": 1,
        "rght": 2,
        "tree_id": 22,
        "level": 0
    }
},
{
    "model": "books.account",
    "pk": 23,
    "fields": {
        "parent": null,
        "code": "2260",
        "name": "Payroll Tax Payable",
        "account_group": 10,
        "system_account": 1,
        "increase_balance": "C",
        "address_id": null,
        "lft": 1,
        "rght": 2,
        "tree_id": 23,
        "level": 0
    }
},
{
    "model": "books.account",
    "pk": 24,
    "fields": {
        "parent": null,
        "code": "2270",
        "name": "Income Tax Payable",
        "account_group": 10,
        "system_account": 1,
        "increase_balance": "C",
        "address_id": null,
        "lft": 1,
        "rght": 2,
        "tree_id": 24,
        "level": 0
    }
},
{
    "model": "books.account",
    "pk": 25,
    "fields": {
        "parent": null,
        "code": "2400",
        "name": "Mortgage Loan",
        "account_group": 12,
        "system_account": 1,
        "increase_balance": "C",
        "address_id": null,
        "lft": 1,
        "rght": 2,
        "tree_id": 25,
        "level": 0
    }
},
{
    "model": "books.account",
    "pk": 26,
    "fields": {
        "parent": null,
        "code": "2600",
        "name": "Other Loans",
        "account_group": 13,
        "system_account": 1,
        "increase_balance": "C",
        "address_id": null,
        "lft": 1,
        "rght": 2,
        "tree_id": 26,
        "level": 0
    }
},
{
    "model": "books.account",
    "pk": 27,
    "fields": {
        "parent": null,
        "code": "3000",
        "name": "Owners Contributions",
        "account_group": 15,
        "system_account": 1,
        "increase_balance": "C",
        "address_id": null,
        "lft": 1,
        "rght": 2,
        "tree_id": 27,
        "level": 0
    }
},
{
    "model": "books.account",
    "pk": 28,
    "fields": {
        "parent": null,
        "code": "3010",
        "name": "Owners Draw",
        "account_group": 15,
        "system_account": 1,
        "increase_balance": "C",
        "address_id": null,
        "lft": 1,
        "rght": 2,
        "tree_id": 28,
        "level": 0
    }
},
{
    "model": "books.account",
    "pk": 29,
    "fields": {
        "parent": null,
        "code": "3020",
        "name": "Retained Earnings",
        "account_group": 16,
        "system_account": 1,
        "increase_balance": "C",
        "address_id": null,
        "lft": 1,
        "rght": 2,
        "tree_id": 29,
        "level": 0
    }
},
{
    "model": "books.account",
    "pk": 30,
    "fields": {
        "parent": null,
        "code": "4000",
        "name": "Retail Sales",
        "account_group": 18,
        "system_account": 1,
        "increase_balance": "C",
        "address_id": null,
        "lft": 1,
        "rght": 2,
        "tree_id": 30,
        "level": 0
    }
},
{
    "model": "books.account",
    "pk": 31,
    "fields": {
        "parent": null,
        "code": "4010",
        "name": "Services",
        "account_group": 18,
        "system_account": 1,
        "increase_balance": "C",
        "address_id": null,
        "lft": 1,
        "rght": 2,
        "tree_id": 31,
        "level": 0
    }
},
{
    "model": "books.account",
    "pk": 32,
    "fields": {
        "parent": null,
        "code": "4020",
        "name": "Discounts Allowed",
        "account_group": 18,
        "system_account": 1,
        "increase_balance": "C",
        "address_id": null,
        "lft": 1,
        "rght": 2,
        "tree_id": 32,
        "level": 0
    }
},
{
    "model": "books.account",
    "pk": 33,
    "fields": {
        "parent": null,
        "code": "4400",
        "name": "Purchases",
        "account_group": 19,
        "system_account": 1,
        "increase_balance": "D",
        "address_id": null,
        "lft": 1,
        "rght": 2,
        "tree_id": 33,
        "level": 0
    }
},
{
    "model": "books.account",
    "pk": 34,
    "fields": {
        "parent": null,
        "code": "4410",
        "name": "Packaging",
        "account_group": 19,
        "system_account": 1,
        "increase_balance": "D",
        "address_id": null,
        "lft": 1,
        "rght": 2,
        "tree_id": 34,
        "level": 0
    }
},
{
    "model": "books.account",
    "pk": 35,
    "fields": {
        "parent": null,
        "code": "4420",
        "name": "Discounts Taken",
        "account_group": 19,
        "system_account": 1,
        "increase_balance": "D",
        "address_id": null,
        "lft": 1,
        "rght": 2,
        "tree_id": 35,
        "level": 0
    }
},
{
    "model": "books.account",
    "pk": 36,
    "fields": {
        "parent": null,
        "code": "4430",
        "name": "Shipping Costs",
        "account_group": 19,
        "system_account": 1,
        "increase_balance": "D",
        "address_id": null,
        "lft": 1,
        "rght": 2,
        "tree_id": 36,
        "level": 0
    }
},
{
    "model": "books.account",
    "pk": 37,
    "fields": {
        "parent": null,
        "code": "4440",
        "name": "Import Duty",
        "account_group": 19,
        "system_account": 1,
        "increase_balance": "D",
        "address_id": null,
        "lft": 1,
        "rght": 2,
        "tree_id": 37,
        "level": 0
    }
},
{
    "model": "books.account",
    "pk": 38,
    "fields": {
        "parent": null,
        "code": "4450",
        "name": "Opening Stock/Inventory",
        "account_group": 19,
        "system_account": 1,
        "increase_balance": "D",
        "address_id": null,
        "lft": 1,
        "rght": 2,
        "tree_id": 38,
        "level": 0
    }
},
{
    "model": "books.account",
    "pk": 39,
    "fields": {
        "parent": null,
        "code": "4460",
        "name": "Closing Stock/Inventory",
        "account_group": 19,
        "system_account": 1,
        "increase_balance": "D",
        "address_id": null,
        "lft": 1,
        "rght": 2,
        "tree_id": 39,
        "level": 0
    }
},
{
    "model": "books.account",
    "pk": 40,
    "fields": {
        "parent": null,
        "code": "4470",
        "name": "Direct Labour",
        "account_group": 27,
        "system_account": 1,
        "increase_balance": "D",
        "address_id": null,
        "lft": 1,
        "rght": 2,
        "tree_id": 40,
        "level": 0
    }
},
{
    "model": "books.account",
    "pk": 41,
    "fields": {
        "parent": null,
        "code": "4480",
        "name": "Manufacturing",
        "account_group": 27,
        "system_account": 1,
        "increase_balance": "D",
        "address_id": null,
        "lft": 1,
        "rght": 2,
        "tree_id": 41,
        "level": 0
    }
},
{
    "model": "books.account",
    "pk": 42,
    "fields": {
        "parent": null,
        "code": "4490",
        "name": "Direct Materials",
        "account_group": 27,
        "system_account": 1,
        "increase_balance": "D",
        "address_id": null,
        "lft": 1,
        "rght": 2,
        "tree_id": 42,
        "level": 0
    }
},
{
    "model": "books.account",
    "pk": 43,
    "fields": {
        "parent": null,
        "code": "4500",
        "name": "Direct Expenses",
        "account_group": 27,
        "system_account": 1,
        "increase_balance": "D",
        "address_id": null,
        "lft": 1,
        "rght": 2,
        "tree_id": 43,
        "level": 0
    }
},
{
    "model": "books.account",
    "pk": 44,
    "fields": {
        "parent": null,
        "code": "4510",
        "name": "Indirect Manufacturing Costs",
        "account_group": 27,
        "system_account": 1,
        "increase_balance": "D",
        "address_id": null,
        "lft": 1,
        "rght": 2,
        "tree_id": 44,
        "level": 0
    }
},
{
    "model": "books.account",
    "pk": 45,
    "fields": {
        "parent": null,
        "code": "4520",
        "name": "Indirect Labour",
        "account_group": 27,
        "system_account": 1,
        "increase_balance": "D",
        "address_id": null,
        "lft": 1,
        "rght": 2,
        "tree_id": 45,
        "level": 0
    }
},
{
    "model": "books.account",
    "pk": 46,
    "fields": {
        "parent": null,
        "code": "4800",
        "name": "Research And Development",
        "account_group": 29,
        "system_account": 1,
        "increase_balance": "D",
        "address_id": null,
        "lft": 1,
        "rght": 2,
        "tree_id": 46,
        "level": 0
    }
},
{
    "model": "books.account",
    "pk": 47,
    "fields": {
        "parent": null,
        "code": "5000",
        "name": "Sales Commissions",
        "account_group": 30,
        "system_account": 1,
        "increase_balance": "D",
        "address_id": null,
        "lft": 1,
        "rght": 2,
        "tree_id": 47,
        "level": 0
    }
},
{
    "model": "books.account",
    "pk": 48,
    "fields": {
        "parent": null,
        "code": "5010",
        "name": "Sales Promotion",
        "account_group": 30,
        "system_account": 1,
        "increase_balance": "D",
        "address_id": null,
        "lft": 1,
        "rght": 2,
        "tree_id": 48,
        "level": 0
    }
},
{
    "model": "books.account",
    "pk": 49,
    "fields": {
        "parent": null,
        "code": "5020",
        "name": "Advertising",
        "account_group": 30,
        "system_account": 1,
        "increase_balance": "D",
        "address_id": null,
        "lft": 1,
        "rght": 2,
        "tree_id": 49,
        "level": 0
    }
},
{
    "model": "books.account",
    "pk": 50,
    "fields": {
        "parent": null,
        "code": "5030",
        "name": "Gifts & Samples",
        "account_group": 30,
        "system_account": 1,
        "increase_balance": "D",
        "address_id": null,
        "lft": 1,
        "rght": 2,
        "tree_id": 50,
        "level": 0
    }
},
{
    "model": "books.account",
    "pk": 51,
    "fields": {
        "parent": null,
        "code": "5040",
        "name": "Marketing Expenses",
        "account_group": 30,
        "system_account": 1,
        "increase_balance": "D",
        "address_id": null,
        "lft": 1,
        "rght": 2,
        "tree_id": 51,
        "level": 0
    }
},
{
    "model": "books.account",
    "pk": 52,
    "fields": {
        "parent": null,
        "code": "5200",
        "name": "Payroll",
        "account_group": 31,
        "system_account": 1,
        "increase_balance": "D",
        "address_id": null,
        "lft": 1,
        "rght": 2,
        "tree_id": 52,
        "level": 0
    }
},
{
    "model": "books.account",
    "pk": 53,
    "fields": {
        "parent": null,
        "code": "5210",
        "name": "Contract Labor",
        "account_group": 31,
        "system_account": 1,
        "increase_balance": "D",
        "address_id": null,
        "lft": 1,
        "rght": 2,
        "tree_id": 53,
        "level": 0
    }
},
{
    "model": "books.account",
    "pk": 54,
    "fields": {
        "parent": null,
        "code": "5220",
        "name": "Payroll Expenses",
        "account_group": 31,
        "system_account": 1,
        "increase_balance": "D",
        "address_id": null,
        "lft": 1,
        "rght": 2,
        "tree_id": 54,
        "level": 0
    }
},
{
    "model": "books.account",
    "pk": 55,
    "fields": {
        "parent": null,
        "code": "5230",
        "name": "Payroll Benefits",
        "account_group": 31,
        "system_account": 1,
        "increase_balance": "D",
        "address_id": null,
        "lft": 1,
        "rght": 2,
        "tree_id": 55,
        "level": 0
    }
},
{
    "model": "books.account",
    "pk": 56,
    "fields": {
        "parent": null,
        "code": "5240",
        "name": "Payroll Taxes",
        "account_group": 31,
        "system_account": 1,
        "increase_balance": "D",
        "address_id": null,
        "lft": 1,
        "rght": 2,
        "tree_id": 56,
        "level": 0
    }
},
{
    "model": "books.account",
    "pk": 57,
    "fields": {
        "parent": null,
        "code": "5250",
        "name": "Computer And Internet",
        "account_group": 31,
        "system_account": 1,
        "increase_balance": "D",
        "address_id": null,
        "lft": 1,
        "rght": 2,
        "tree_id": 57,
        "level": 0
    }
},
{
    "model": "books.account",
    "pk": 58,
    "fields": {
        "parent": null,
        "code": "5260",
        "name": "Software",
        "account_group": 31,
        "system_account": 1,
        "increase_balance": "D",
        "address_id": null,
        "lft": 1,
        "rght": 2,
        "tree_id": 58,
        "level": 0
    }
},
{
    "model": "books.account",
    "pk": 59,
    "fields": {
        "parent": null,
        "code": "5270",
        "name": "Website",
        "account_group": 31,
        "system_account": 1,
        "increase_balance": "D",
        "address_id": null,
        "lft": 1,
        "rght": 2,
        "tree_id": 59,
        "level": 0
    }
},
{
    "model": "books.account",
    "pk": 60,
    "fields": {
        "parent": null,
        "code": "5280",
        "name": "Rent",
        "account_group": 31,
        "system_account": 1,
        "increase_balance": "D",
        "address_id": null,
        "lft": 1,
        "rght": 2,
        "tree_id": 60,
        "level": 0
    }
},
{
    "model": "books.account",
    "pk": 61,
    "fields": {
        "parent": null,
        "code": "5290",
        "name": "Property Taxes",
        "account_group": 31,
        "system_account": 1,
        "increase_balance": "D",
        "address_id": null,
        "lft": 1,
        "rght": 2,
        "tree_id": 61,
        "level": 0
    }
},
{
    "model": "books.account",
    "pk": 62,
    "fields": {
        "parent": null,
        "code": "5300",
        "name": "Utilities",
        "account_group": 31,
        "system_account": 1,
        "increase_balance": "D",
        "address_id": null,
        "lft": 1,
        "rght": 2,
        "tree_id": 62,
        "level": 0
    }
},
{
    "model": "books.account",
    "pk": 63,
    "fields": {
        "parent": null,
        "code": "5310",
        "name": "Motor Expenses",
        "account_group": 31,
        "system_account": 1,
        "increase_balance": "D",
        "address_id": null,
        "lft": 1,
        "rght": 2,
        "tree_id": 63,
        "level": 0
    }
},
{
    "model": "books.account",
    "pk": 64,
    "fields": {
        "parent": null,
        "code": "5320",
        "name": "Travelling",
        "account_group": 31,
        "system_account": 1,
        "increase_balance": "D",
        "address_id": null,
        "lft": 1,
        "rght": 2,
        "tree_id": 64,
        "level": 0
    }
},
{
    "model": "books.account",
    "pk": 65,
    "fields": {
        "parent": null,
        "code": "5330",
        "name": "Hotels",
        "account_group": 31,
        "system_account": 1,
        "increase_balance": "D",
        "address_id": null,
        "lft": 1,
        "rght": 2,
        "tree_id": 65,
        "level": 0
    }
},
{
    "model": "books.account",
    "pk": 66,
    "fields": {
        "parent": null,
        "code": "5340",
        "name": "Meals And Entertainment",
        "account_group": 31,
        "system_account": 1,
        "increase_balance": "D",
        "address_id": null,
        "lft": 1,
        "rght": 2,
        "tree_id": 66,
        "level": 0
    }
},
{
    "model": "books.account",
    "pk": 67,
    "fields": {
        "parent": null,
        "code": "5350",
        "name": "Printing",
        "account_group": 31,
        "system_account": 1,
        "increase_balance": "D",
        "address_id": null,
        "lft": 1,
        "rght": 2,
        "tree_id": 67,
        "level": 0
    }
},
{
    "model": "books.account",
    "pk": 68,
    "fields": {
        "parent": null,
        "code": "5360",
        "name": "Postage & Carriage",
        "account_group": 31,
        "system_account": 1,
        "increase_balance": "D",
        "address_id": null,
        "lft": 1,
        "rght": 2,
        "tree_id": 68,
        "level": 0
    }
},
{
    "model": "books.account",
    "pk": 69,
    "fields": {
        "parent": null,
        "code": "5370",
        "name": "Telephone",
        "account_group": 31,
        "system_account": 1,
        "increase_balance": "D",
        "address_id": null,
        "lft": 1,
        "rght": 2,
        "tree_id": 69,
        "level": 0
    }
},
{
    "model": "books.account",
    "pk": 70,
    "fields": {
        "parent": null,
        "code": "5380",
        "name": "Office Supplies",
        "account_group": 31,
        "system_account": 1,
        "increase_balance": "D",
        "address_id": null,
        "lft": 1,
        "rght": 2,
        "tree_id": 70,
        "level": 0
    }
},
{
    "model": "books.account",
    "pk": 71,
    "fields": {
        "parent": null,
        "code": "5390",
        "name": "Professional Fees",
        "account_group": 31,
        "system_account": 1,
        "increase_balance": "D",
        "address_id": null,
        "lft": 1,
        "rght": 2,
        "tree_id": 71,
        "level": 0
    }
},
{
    "model": "books.account",
    "pk": 72,
    "fields": {
        "parent": null,
        "code": "5400",
        "name": "Equipment Hire",
        "account_group": 31,
        "system_account": 1,
        "increase_balance": "D",
        "address_id": null,
        "lft": 1,
        "rght": 2,
        "tree_id": 72,
        "level": 0
    }
},
{
    "model": "books.account",
    "pk": 73,
    "fields": {
        "parent": null,
        "code": "5410",
        "name": "Repairs & Maintenance",
        "account_group": 31,
        "system_account": 1,
        "increase_balance": "D",
        "address_id": null,
        "lft": 1,
        "rght": 2,
        "tree_id": 73,
        "level": 0
    }
},
{
    "model": "books.account",
    "pk": 74,
    "fields": {
        "parent": null,
        "code": "5420",
        "name": "Cleaning Supplies",
        "account_group": 31,
        "system_account": 1,
        "increase_balance": "D",
        "address_id": null,
        "lft": 1,
        "rght": 2,
        "tree_id": 74,
        "level": 0
    }
},
{
    "model": "books.account",
    "pk": 75,
    "fields": {
        "parent": null,
        "code": "5430",
        "name": "Bad Debt Expense",
        "account_group": 31,
        "system_account": 1,
        "increase_balance": "D",
        "address_id": null,
        "lft": 1,
        "rght": 2,
        "tree_id": 75,
        "level": 0
    }
},
{
    "model": "books.account",
    "pk": 76,
    "fields": {
        "parent": null,
        "code": "5440",
        "name": "Dues And Membership Fees",
        "account_group": 31,
        "system_account": 1,
        "increase_balance": "D",
        "address_id": null,
        "lft": 1,
        "rght": 2,
        "tree_id": 76,
        "level": 0
    }
},
{
    "model": "books.account",
    "pk": 77,
    "fields": {
        "parent": null,
        "code": "5460",
        "name": "Insurance",
        "account_group": 31,
        "system_account": 1,
        "increase_balance": "D",
        "address_id": null,
        "lft": 1,
        "rght": 2,
        "tree_id": 77,
        "level": 0
    }
},
{
    "model": "books.account",
    "pk": 78,
    "fields": {
        "parent": null,
        "code": "5470",
        "name": "Security",
        "account_group": 31,
        "system_account": 1,
        "increase_balance": "D",
        "address_id": null,
        "lft": 1,
        "rght": 2,
        "tree_id": 78,
        "level": 0
    }
},
{
    "model": "books.account",
    "pk": 79,
    "fields": {
        "parent": null,
        "code": "5480",
        "name": "Suspense Account",
        "account_group": 31,
        "system_account": 1,
        "increase_balance": "D",
        "address_id": null,
        "lft": 1,
        "rght": 2,
        "tree_id": 79,
        "level": 0
    }
},
{
    "model": "books.account",
    "pk": 80,
    "fields": {
        "parent": null,
        "code": "5600",
        "name": "Depreciation",
        "account_group": 32,
        "system_account": 1,
        "increase_balance": "D",
        "address_id": null,
        "lft": 1,
        "rght": 2,
        "tree_id": 80,
        "level": 0
    }
},
{
    "model": "books.account",
    "pk": 81,
    "fields": {
        "parent": null,
        "code": "5800",
        "name": "Interest Expense",
        "account_group": 33,
        "system_account": 1,
        "increase_balance": "D",
        "address_id": null,
        "lft": 1,
        "rght": 2,
        "tree_id": 81,
        "level": 0
    }
},
{
    "model": "books.account",
    "pk": 82,
    "fields": {
        "parent": null,
        "code": "5810",
        "name": "Bank Fees",
        "account_group": 33,
        "system_account": 1,
        "increase_balance": "D",
        "address_id": null,
        "lft": 1,
        "rght": 2,
        "tree_id": 82,
        "level": 0
    }
},
{
    "model": "books.account",
    "pk": 83,
    "fields": {
        "parent": null,
        "code": "4200",
        "name": "Interest Income",
        "account_group": 34,
        "system_account": 1,
        "increase_balance": "C",
        "address_id": null,
        "lft": 1,
        "rght": 2,
        "tree_id": 83,
        "level": 0
    }
},
{
    "model": "books.account",
    "pk": 84,
    "fields": {
        "parent": null,
        "code": "4210",
        "name": "Rent Income",
        "account_group": 34,
        "system_account": 1,
        "increase_balance": "C",
        "address_id": null,
        "lft": 1,
        "rght": 2,
        "tree_id": 84,
        "level": 0
    }
},
{
    "model": "books.account",
    "pk": 85,
    "fields": {
        "parent": null,
        "code": "5900",
        "name": "Income Tax Expense",
        "account_group": 35,
        "system_account": 1,
        "increase_balance": "D",
        "address_id": null,
        "lft": 1,
        "rght": 2,
        "tree_id": 85,
        "level": 0
    }
},
{
    "model": "books.billingmethod",
    "pk": 1,
    "fields": {
        "description": "Monthly",
        "billing_period": 1,
        "grace_period": 14
    }
},
{
    "model": "books.billingmethod",
    "pk": 2,
    "fields": {
        "description": "Quarterly",
        "billing_period": 3,
        "grace_period": 14
    }
},
{
    "model": "books.billingmethod",
    "pk": 3,
    "fields": {
        "description": "Biannual",
        "billing_period": 6,
        "grace_period": 14
    }
},
{
    "model": "books.billingmethod",
    "pk": 4,
    "fields": {
        "description": "Annual",
        "billing_period": 12,
        "grace_period": 14
    }
}
]
