[
{
  "model": "contenttypes.contenttype",
  "pk": 1,
  "fields": {
    "app_label": "admin",
    "model": "logentry"
  }
},
{
  "model": "contenttypes.contenttype",
  "pk": 2,
  "fields": {
    "app_label": "auth",
    "model": "permission"
  }
},
{
  "model": "contenttypes.contenttype",
  "pk": 3,
  "fields": {
    "app_label": "auth",
    "model": "group"
  }
},
{
  "model": "contenttypes.contenttype",
  "pk": 4,
  "fields": {
    "app_label": "contenttypes",
    "model": "contenttype"
  }
},
{
  "model": "contenttypes.contenttype",
  "pk": 5,
  "fields": {
    "app_label": "sessions",
    "model": "session"
  }
},
{
  "model": "contenttypes.contenttype",
  "pk": 6,
  "fields": {
    "app_label": "tsuro_auth",
    "model": "systemuser"
  }
},
{
  "model": "contenttypes.contenttype",
  "pk": 7,
  "fields": {
    "app_label": "tsuro_app",
    "model": "cagerack"
  }
},
{
  "model": "contenttypes.contenttype",
  "pk": 8,
  "fields": {
    "app_label": "tsuro_app",
    "model": "causes"
  }
},
{
  "model": "contenttypes.contenttype",
  "pk": 9,
  "fields": {
    "app_label": "tsuro_app",
    "model": "doe"
  }
},
{
  "model": "contenttypes.contenttype",
  "pk": 10,
  "fields": {
    "app_label": "tsuro_app",
    "model": "house"
  }
},
{
  "model": "contenttypes.contenttype",
  "pk": 11,
  "fields": {
    "app_label": "tsuro_app",
    "model": "sire"
  }
},
{
  "model": "contenttypes.contenttype",
  "pk": 12,
  "fields": {
    "app_label": "tsuro_app",
    "model": "weanergroup"
  }
},
{
  "model": "contenttypes.contenttype",
  "pk": 13,
  "fields": {
    "app_label": "tsuro_app",
    "model": "litter"
  }
},
{
  "model": "contenttypes.contenttype",
  "pk": 14,
  "fields": {
    "app_label": "tsuro_app",
    "model": "mediafile"
  }
},
{
  "model": "contenttypes.contenttype",
  "pk": 15,
  "fields": {
    "app_label": "tsuro_app",
    "model": "weighing"
  }
},
{
  "model": "contenttypes.contenttype",
  "pk": 16,
  "fields": {
    "app_label": "tsuro_app",
    "model": "birth"
  }
},
{
  "model": "contenttypes.contenttype",
  "pk": 17,
  "fields": {
    "app_label": "tsuro_app",
    "model": "weaningevent"
  }
},
{
  "model": "contenttypes.contenttype",
  "pk": 18,
  "fields": {
    "app_label": "tsuro_app",
    "model": "usersettings"
  }
},
{
  "model": "contenttypes.contenttype",
  "pk": 19,
  "fields": {
    "app_label": "tsuro_app",
    "model": "kit"
  }
},
{
  "model": "contenttypes.contenttype",
  "pk": 20,
  "fields": {
    "app_label": "tsuro_app",
    "model": "article"
  }
},
{
  "model": "contenttypes.contenttype",
  "pk": 21,
  "fields": {
    "app_label": "tsuro_app",
    "model": "author"
  }
},
{
  "model": "contenttypes.contenttype",
  "pk": 22,
  "fields": {
    "app_label": "tsuro_app",
    "model": "articlefile"
  }
},
{
  "model": "contenttypes.contenttype",
  "pk": 23,
  "fields": {
    "app_label": "tsuro_app",
    "model": "tasktracker"
  }
},
{
  "model": "contenttypes.contenttype",
  "pk": 24,
  "fields": {
    "app_label": "tsuro_app",
    "model": "death"
  }
},
{
  "model": "contenttypes.contenttype",
  "pk": 25,
  "fields": {
    "app_label": "tsuro_app",
    "model": "harvest"
  }
},
{
  "model": "contenttypes.contenttype",
  "pk": 26,
  "fields": {
    "app_label": "tsuro_app",
    "model": "firebasetoken"
  }
},
{
  "model": "contenttypes.contenttype",
  "pk": 27,
  "fields": {
    "app_label": "tsuro_app",
    "model": "sale"
  }
},
{
  "model": "contenttypes.contenttype",
  "pk": 28,
  "fields": {
    "app_label": "tsuro_app",
    "model": "contactenquiry"
  }
},
{
  "model": "contenttypes.contenttype",
  "pk": 29,
  "fields": {
    "app_label": "tsuro_app",
    "model": "mobileapplog"
  }
},
{
  "model": "contenttypes.contenttype",
  "pk": 30,
  "fields": {
    "app_label": "tsuro_app",
    "model": "note"
  }
},
{
  "model": "contenttypes.contenttype",
  "pk": 31,
  "fields": {
    "app_label": "tastypie",
    "model": "apiaccess"
  }
},
{
  "model": "contenttypes.contenttype",
  "pk": 32,
  "fields": {
    "app_label": "tastypie",
    "model": "apikey"
  }
},
{
  "model": "contenttypes.contenttype",
  "pk": 33,
  "fields": {
    "app_label": "books",
    "model": "account"
  }
},
{
  "model": "contenttypes.contenttype",
  "pk": 34,
  "fields": {
    "app_label": "books",
    "model": "accountsettings"
  }
},
{
  "model": "contenttypes.contenttype",
  "pk": 35,
  "fields": {
    "app_label": "books",
    "model": "singleentry"
  }
},
{
  "model": "contenttypes.contenttype",
  "pk": 36,
  "fields": {
    "app_label": "books",
    "model": "systemaccount"
  }
},
{
  "model": "contenttypes.contenttype",
  "pk": 37,
  "fields": {
    "app_label": "books",
    "model": "transactiondefinition"
  }
},
{
  "model": "contenttypes.contenttype",
  "pk": 38,
  "fields": {
    "app_label": "books",
    "model": "transaction"
  }
},
{
  "model": "contenttypes.contenttype",
  "pk": 39,
  "fields": {
    "app_label": "books",
    "model": "declaredsource"
  }
},
{
  "model": "contenttypes.contenttype",
  "pk": 40,
  "fields": {
    "app_label": "books",
    "model": "accountgroup"
  }
},
{
  "model": "contenttypes.contenttype",
  "pk": 41,
  "fields": {
    "app_label": "books",
    "model": "doubleentry"
  }
},
{
  "model": "contenttypes.contenttype",
  "pk": 42,
  "fields": {
    "app_label": "books",
    "model": "billingaccount"
  }
},
{
  "model": "contenttypes.contenttype",
  "pk": 43,
  "fields": {
    "app_label": "books",
    "model": "invoice"
  }
},
{
  "model": "contenttypes.contenttype",
  "pk": 44,
  "fields": {
    "app_label": "books",
    "model": "receipt"
  }
},
{
  "model": "contenttypes.contenttype",
  "pk": 45,
  "fields": {
    "app_label": "books",
    "model": "billingmethod"
  }
},
{
  "model": "contenttypes.contenttype",
  "pk": 46,
  "fields": {
    "app_label": "easy_thumbnails",
    "model": "source"
  }
},
{
  "model": "contenttypes.contenttype",
  "pk": 47,
  "fields": {
    "app_label": "easy_thumbnails",
    "model": "thumbnail"
  }
},
{
  "model": "contenttypes.contenttype",
  "pk": 48,
  "fields": {
    "app_label": "easy_thumbnails",
    "model": "thumbnaildimensions"
  }
},
{
  "model": "contenttypes.contenttype",
  "pk": 49,
  "fields": {
    "app_label": "filer",
    "model": "clipboard"
  }
},
{
  "model": "contenttypes.contenttype",
  "pk": 50,
  "fields": {
    "app_label": "filer",
    "model": "clipboarditem"
  }
},
{
  "model": "contenttypes.contenttype",
  "pk": 51,
  "fields": {
    "app_label": "filer",
    "model": "file"
  }
},
{
  "model": "contenttypes.contenttype",
  "pk": 52,
  "fields": {
    "app_label": "filer",
    "model": "folder"
  }
},
{
  "model": "contenttypes.contenttype",
  "pk": 53,
  "fields": {
    "app_label": "filer",
    "model": "folderpermission"
  }
},
{
  "model": "contenttypes.contenttype",
  "pk": 54,
  "fields": {
    "app_label": "filer",
    "model": "image"
  }
},
{
  "model": "contenttypes.contenttype",
  "pk": 55,
  "fields": {
    "app_label": "filer",
    "model": "thumbnailoption"
  }
},
{
  "model": "contenttypes.contenttype",
  "pk": 56,
  "fields": {
    "app_label": "django_celery_beat",
    "model": "crontabschedule"
  }
},
{
  "model": "contenttypes.contenttype",
  "pk": 57,
  "fields": {
    "app_label": "django_celery_beat",
    "model": "intervalschedule"
  }
},
{
  "model": "contenttypes.contenttype",
  "pk": 58,
  "fields": {
    "app_label": "django_celery_beat",
    "model": "periodictask"
  }
},
{
  "model": "contenttypes.contenttype",
  "pk": 59,
  "fields": {
    "app_label": "django_celery_beat",
    "model": "periodictasks"
  }
},
{
  "model": "contenttypes.contenttype",
  "pk": 60,
  "fields": {
    "app_label": "django_celery_beat",
    "model": "solarschedule"
  }
},
{
  "model": "contenttypes.contenttype",
  "pk": 61,
  "fields": {
    "app_label": "django_celery_beat",
    "model": "clockedschedule"
  }
},
{
  "model": "sessions.session",
  "pk": "e8403ph52cv4xibcu5k5h4f285zp8qof",
  "fields": {
    "session_data": "ODhlMDIyZmVlMjVhMTUwN2M0MTEzNTMwZDBmMGFjZTRhNDg3MzFmNDp7Il9hdXRoX3VzZXJfaWQiOiIyIiwiX2F1dGhfdXNlcl9iYWNrZW5kIjoiZGphbmdvX3N1LmJhY2tlbmRzLlN1QmFja2VuZCIsIl9hdXRoX3VzZXJfaGFzaCI6Ijk5NDUxMmEzNzY5MDNlNWI2NDQyOTJjY2Q2YmE1ZDZlYjBhNmIxYzYiLCJleGl0X3VzZXJzX3BrIjpbWyIxIiwiZGphbmdvLmNvbnRyaWIuYXV0aC5iYWNrZW5kcy5Nb2RlbEJhY2tlbmQiXV19",
    "expire_date": "2021-03-09T23:25:28.139Z"
  }
},
{
  "model": "books.accountsettings",
  "pk": 1,
  "fields": {
    "financial_year_start": "2021-02-23"
  }
},
{
  "model": "books.accountsettings",
  "pk": 2,
  "fields": {
    "financial_year_start": "2021-02-23"
  }
},
{
  "model": "books.accountsettings",
  "pk": 3,
  "fields": {
    "financial_year_start": "2021-02-23"
  }
},
{
  "model": "books.accountgroup",
  "pk": 1,
  "fields": {
    "parent": null,
    "name": "current assets",
    "description": null,
    "system_account": 1,
    "lft": 1,
    "rght": 10,
    "tree_id": 1,
    "level": 0
  }
},
{
  "model": "books.accountgroup",
  "pk": 2,
  "fields": {
    "parent": 1,
    "name": "cash and cash equivalents",
    "description": null,
    "system_account": 1,
    "lft": 2,
    "rght": 3,
    "tree_id": 1,
    "level": 1
  }
},
{
  "model": "books.accountgroup",
  "pk": 3,
  "fields": {
    "parent": 1,
    "name": "accounts receivable",
    "description": null,
    "system_account": 1,
    "lft": 4,
    "rght": 5,
    "tree_id": 1,
    "level": 1
  }
},
{
  "model": "books.accountgroup",
  "pk": 4,
  "fields": {
    "parent": 1,
    "name": "inventory",
    "description": null,
    "system_account": 1,
    "lft": 6,
    "rght": 7,
    "tree_id": 1,
    "level": 1
  }
},
{
  "model": "books.accountgroup",
  "pk": 5,
  "fields": {
    "parent": 1,
    "name": "other current assets",
    "description": null,
    "system_account": 1,
    "lft": 8,
    "rght": 9,
    "tree_id": 1,
    "level": 1
  }
},
{
  "model": "books.accountgroup",
  "pk": 6,
  "fields": {
    "parent": null,
    "name": "long-term assets",
    "description": null,
    "system_account": 1,
    "lft": 1,
    "rght": 4,
    "tree_id": 2,
    "level": 0
  }
},
{
  "model": "books.accountgroup",
  "pk": 7,
  "fields": {
    "parent": 6,
    "name": "property, plant and equipment",
    "description": null,
    "system_account": 1,
    "lft": 2,
    "rght": 3,
    "tree_id": 2,
    "level": 1
  }
},
{
  "model": "books.accountgroup",
  "pk": 8,
  "fields": {
    "parent": null,
    "name": "current liabilities",
    "description": null,
    "system_account": 1,
    "lft": 1,
    "rght": 6,
    "tree_id": 3,
    "level": 0
  }
},
{
  "model": "books.accountgroup",
  "pk": 9,
  "fields": {
    "parent": 8,
    "name": "accounts payable",
    "description": null,
    "system_account": 1,
    "lft": 2,
    "rght": 3,
    "tree_id": 3,
    "level": 1
  }
},
{
  "model": "books.accountgroup",
  "pk": 10,
  "fields": {
    "parent": 8,
    "name": "other current liabilities",
    "description": null,
    "system_account": 1,
    "lft": 4,
    "rght": 5,
    "tree_id": 3,
    "level": 1
  }
},
{
  "model": "books.accountgroup",
  "pk": 11,
  "fields": {
    "parent": null,
    "name": "long-term liabilities",
    "description": null,
    "system_account": 1,
    "lft": 1,
    "rght": 6,
    "tree_id": 4,
    "level": 0
  }
},
{
  "model": "books.accountgroup",
  "pk": 12,
  "fields": {
    "parent": 11,
    "name": "mortgages",
    "description": null,
    "system_account": 1,
    "lft": 2,
    "rght": 3,
    "tree_id": 4,
    "level": 1
  }
},
{
  "model": "books.accountgroup",
  "pk": 13,
  "fields": {
    "parent": 11,
    "name": "loans",
    "description": null,
    "system_account": 1,
    "lft": 4,
    "rght": 5,
    "tree_id": 4,
    "level": 1
  }
},
{
  "model": "books.accountgroup",
  "pk": 14,
  "fields": {
    "parent": null,
    "name": "equity",
    "description": null,
    "system_account": 1,
    "lft": 1,
    "rght": 6,
    "tree_id": 5,
    "level": 0
  }
},
{
  "model": "books.accountgroup",
  "pk": 15,
  "fields": {
    "parent": 14,
    "name": "capital",
    "description": null,
    "system_account": 1,
    "lft": 2,
    "rght": 3,
    "tree_id": 5,
    "level": 1
  }
},
{
  "model": "books.accountgroup",
  "pk": 16,
  "fields": {
    "parent": 14,
    "name": "retained earnings",
    "description": null,
    "system_account": 1,
    "lft": 4,
    "rght": 5,
    "tree_id": 5,
    "level": 1
  }
},
{
  "model": "books.accountgroup",
  "pk": 17,
  "fields": {
    "parent": null,
    "name": "income",
    "description": null,
    "system_account": 1,
    "lft": 1,
    "rght": 6,
    "tree_id": 6,
    "level": 0
  }
},
{
  "model": "books.accountgroup",
  "pk": 18,
  "fields": {
    "parent": 17,
    "name": "revenue",
    "description": null,
    "system_account": 1,
    "lft": 2,
    "rght": 3,
    "tree_id": 6,
    "level": 1
  }
},
{
  "model": "books.accountgroup",
  "pk": 19,
  "fields": {
    "parent": null,
    "name": "cost of sales",
    "description": null,
    "system_account": 1,
    "lft": 1,
    "rght": 4,
    "tree_id": 7,
    "level": 0
  }
},
{
  "model": "books.accountgroup",
  "pk": 27,
  "fields": {
    "parent": 19,
    "name": "cost of production",
    "description": null,
    "system_account": 1,
    "lft": 2,
    "rght": 3,
    "tree_id": 7,
    "level": 1
  }
},
{
  "model": "books.accountgroup",
  "pk": 28,
  "fields": {
    "parent": null,
    "name": "expense",
    "description": null,
    "system_account": 1,
    "lft": 1,
    "rght": 14,
    "tree_id": 8,
    "level": 0
  }
},
{
  "model": "books.accountgroup",
  "pk": 29,
  "fields": {
    "parent": 28,
    "name": "research and development",
    "description": null,
    "system_account": 1,
    "lft": 2,
    "rght": 3,
    "tree_id": 8,
    "level": 1
  }
},
{
  "model": "books.accountgroup",
  "pk": 30,
  "fields": {
    "parent": 28,
    "name": "sales and marketing",
    "description": null,
    "system_account": 1,
    "lft": 4,
    "rght": 5,
    "tree_id": 8,
    "level": 1
  }
},
{
  "model": "books.accountgroup",
  "pk": 31,
  "fields": {
    "parent": 28,
    "name": "general and administrative",
    "description": null,
    "system_account": 1,
    "lft": 6,
    "rght": 7,
    "tree_id": 8,
    "level": 1
  }
},
{
  "model": "books.accountgroup",
  "pk": 32,
  "fields": {
    "parent": 28,
    "name": "depreciation",
    "description": null,
    "system_account": 1,
    "lft": 8,
    "rght": 9,
    "tree_id": 8,
    "level": 1
  }
},
{
  "model": "books.accountgroup",
  "pk": 33,
  "fields": {
    "parent": 28,
    "name": "finance costs",
    "description": null,
    "system_account": 1,
    "lft": 10,
    "rght": 11,
    "tree_id": 8,
    "level": 1
  }
},
{
  "model": "books.accountgroup",
  "pk": 34,
  "fields": {
    "parent": 17,
    "name": "other income",
    "description": null,
    "system_account": 1,
    "lft": 4,
    "rght": 5,
    "tree_id": 6,
    "level": 1
  }
},
{
  "model": "books.accountgroup",
  "pk": 35,
  "fields": {
    "parent": 28,
    "name": "income tax expense",
    "description": null,
    "system_account": 1,
    "lft": 12,
    "rght": 13,
    "tree_id": 8,
    "level": 1
  }
},
{
  "model": "books.accountgroup",
  "pk": 36,
  "fields": {
    "parent": null,
    "name": "current assets",
    "description": null,
    "system_account": 2,
    "lft": 1,
    "rght": 10,
    "tree_id": 9,
    "level": 0
  }
},
{
  "model": "books.accountgroup",
  "pk": 37,
  "fields": {
    "parent": 36,
    "name": "cash and cash equivalents",
    "description": null,
    "system_account": 2,
    "lft": 2,
    "rght": 3,
    "tree_id": 9,
    "level": 1
  }
},
{
  "model": "books.accountgroup",
  "pk": 38,
  "fields": {
    "parent": 36,
    "name": "accounts receivable",
    "description": null,
    "system_account": 2,
    "lft": 4,
    "rght": 5,
    "tree_id": 9,
    "level": 1
  }
},
{
  "model": "books.accountgroup",
  "pk": 39,
  "fields": {
    "parent": 36,
    "name": "inventory",
    "description": null,
    "system_account": 2,
    "lft": 6,
    "rght": 7,
    "tree_id": 9,
    "level": 1
  }
},
{
  "model": "books.accountgroup",
  "pk": 40,
  "fields": {
    "parent": 36,
    "name": "other current assets",
    "description": null,
    "system_account": 2,
    "lft": 8,
    "rght": 9,
    "tree_id": 9,
    "level": 1
  }
},
{
  "model": "books.accountgroup",
  "pk": 41,
  "fields": {
    "parent": null,
    "name": "long-term assets",
    "description": null,
    "system_account": 2,
    "lft": 1,
    "rght": 4,
    "tree_id": 10,
    "level": 0
  }
},
{
  "model": "books.accountgroup",
  "pk": 42,
  "fields": {
    "parent": 41,
    "name": "property, plant and equipment",
    "description": null,
    "system_account": 2,
    "lft": 2,
    "rght": 3,
    "tree_id": 10,
    "level": 1
  }
},
{
  "model": "books.accountgroup",
  "pk": 43,
  "fields": {
    "parent": null,
    "name": "current liabilities",
    "description": null,
    "system_account": 2,
    "lft": 1,
    "rght": 6,
    "tree_id": 11,
    "level": 0
  }
},
{
  "model": "books.accountgroup",
  "pk": 44,
  "fields": {
    "parent": 43,
    "name": "accounts payable",
    "description": null,
    "system_account": 2,
    "lft": 2,
    "rght": 3,
    "tree_id": 11,
    "level": 1
  }
},
{
  "model": "books.accountgroup",
  "pk": 45,
  "fields": {
    "parent": 43,
    "name": "other current liabilities",
    "description": null,
    "system_account": 2,
    "lft": 4,
    "rght": 5,
    "tree_id": 11,
    "level": 1
  }
},
{
  "model": "books.accountgroup",
  "pk": 46,
  "fields": {
    "parent": null,
    "name": "long-term liabilities",
    "description": null,
    "system_account": 2,
    "lft": 1,
    "rght": 6,
    "tree_id": 12,
    "level": 0
  }
},
{
  "model": "books.accountgroup",
  "pk": 47,
  "fields": {
    "parent": 46,
    "name": "mortgages",
    "description": null,
    "system_account": 2,
    "lft": 2,
    "rght": 3,
    "tree_id": 12,
    "level": 1
  }
},
{
  "model": "books.accountgroup",
  "pk": 48,
  "fields": {
    "parent": 46,
    "name": "loans",
    "description": null,
    "system_account": 2,
    "lft": 4,
    "rght": 5,
    "tree_id": 12,
    "level": 1
  }
},
{
  "model": "books.accountgroup",
  "pk": 49,
  "fields": {
    "parent": null,
    "name": "equity",
    "description": null,
    "system_account": 2,
    "lft": 1,
    "rght": 6,
    "tree_id": 13,
    "level": 0
  }
},
{
  "model": "books.accountgroup",
  "pk": 50,
  "fields": {
    "parent": 49,
    "name": "capital",
    "description": null,
    "system_account": 2,
    "lft": 2,
    "rght": 3,
    "tree_id": 13,
    "level": 1
  }
},
{
  "model": "books.accountgroup",
  "pk": 51,
  "fields": {
    "parent": 49,
    "name": "retained earnings",
    "description": null,
    "system_account": 2,
    "lft": 4,
    "rght": 5,
    "tree_id": 13,
    "level": 1
  }
},
{
  "model": "books.accountgroup",
  "pk": 52,
  "fields": {
    "parent": null,
    "name": "income",
    "description": null,
    "system_account": 2,
    "lft": 1,
    "rght": 6,
    "tree_id": 14,
    "level": 0
  }
},
{
  "model": "books.accountgroup",
  "pk": 53,
  "fields": {
    "parent": 52,
    "name": "revenue",
    "description": null,
    "system_account": 2,
    "lft": 2,
    "rght": 3,
    "tree_id": 14,
    "level": 1
  }
},
{
  "model": "books.accountgroup",
  "pk": 54,
  "fields": {
    "parent": null,
    "name": "cost of sales",
    "description": null,
    "system_account": 2,
    "lft": 1,
    "rght": 4,
    "tree_id": 15,
    "level": 0
  }
},
{
  "model": "books.accountgroup",
  "pk": 62,
  "fields": {
    "parent": 54,
    "name": "cost of production",
    "description": null,
    "system_account": 2,
    "lft": 2,
    "rght": 3,
    "tree_id": 15,
    "level": 1
  }
},
{
  "model": "books.accountgroup",
  "pk": 63,
  "fields": {
    "parent": null,
    "name": "expense",
    "description": null,
    "system_account": 2,
    "lft": 1,
    "rght": 14,
    "tree_id": 16,
    "level": 0
  }
},
{
  "model": "books.accountgroup",
  "pk": 64,
  "fields": {
    "parent": 63,
    "name": "research and development",
    "description": null,
    "system_account": 2,
    "lft": 2,
    "rght": 3,
    "tree_id": 16,
    "level": 1
  }
},
{
  "model": "books.accountgroup",
  "pk": 65,
  "fields": {
    "parent": 63,
    "name": "sales and marketing",
    "description": null,
    "system_account": 2,
    "lft": 4,
    "rght": 5,
    "tree_id": 16,
    "level": 1
  }
},
{
  "model": "books.accountgroup",
  "pk": 66,
  "fields": {
    "parent": 63,
    "name": "general and administrative",
    "description": null,
    "system_account": 2,
    "lft": 6,
    "rght": 7,
    "tree_id": 16,
    "level": 1
  }
},
{
  "model": "books.accountgroup",
  "pk": 67,
  "fields": {
    "parent": 63,
    "name": "depreciation",
    "description": null,
    "system_account": 2,
    "lft": 8,
    "rght": 9,
    "tree_id": 16,
    "level": 1
  }
},
{
  "model": "books.accountgroup",
  "pk": 68,
  "fields": {
    "parent": 63,
    "name": "finance costs",
    "description": null,
    "system_account": 2,
    "lft": 10,
    "rght": 11,
    "tree_id": 16,
    "level": 1
  }
},
{
  "model": "books.accountgroup",
  "pk": 69,
  "fields": {
    "parent": 52,
    "name": "other income",
    "description": null,
    "system_account": 2,
    "lft": 4,
    "rght": 5,
    "tree_id": 14,
    "level": 1
  }
},
{
  "model": "books.accountgroup",
  "pk": 70,
  "fields": {
    "parent": 63,
    "name": "income tax expense",
    "description": null,
    "system_account": 2,
    "lft": 12,
    "rght": 13,
    "tree_id": 16,
    "level": 1
  }
},
{
  "model": "books.accountgroup",
  "pk": 71,
  "fields": {
    "parent": null,
    "name": "current assets",
    "description": null,
    "system_account": 3,
    "lft": 1,
    "rght": 10,
    "tree_id": 17,
    "level": 0
  }
},
{
  "model": "books.accountgroup",
  "pk": 72,
  "fields": {
    "parent": 71,
    "name": "cash and cash equivalents",
    "description": null,
    "system_account": 3,
    "lft": 2,
    "rght": 3,
    "tree_id": 17,
    "level": 1
  }
},
{
  "model": "books.accountgroup",
  "pk": 73,
  "fields": {
    "parent": 71,
    "name": "accounts receivable",
    "description": null,
    "system_account": 3,
    "lft": 4,
    "rght": 5,
    "tree_id": 17,
    "level": 1
  }
},
{
  "model": "books.accountgroup",
  "pk": 74,
  "fields": {
    "parent": 71,
    "name": "inventory",
    "description": null,
    "system_account": 3,
    "lft": 6,
    "rght": 7,
    "tree_id": 17,
    "level": 1
  }
},
{
  "model": "books.accountgroup",
  "pk": 75,
  "fields": {
    "parent": 71,
    "name": "other current assets",
    "description": null,
    "system_account": 3,
    "lft": 8,
    "rght": 9,
    "tree_id": 17,
    "level": 1
  }
},
{
  "model": "books.accountgroup",
  "pk": 76,
  "fields": {
    "parent": null,
    "name": "long-term assets",
    "description": null,
    "system_account": 3,
    "lft": 1,
    "rght": 4,
    "tree_id": 18,
    "level": 0
  }
},
{
  "model": "books.accountgroup",
  "pk": 77,
  "fields": {
    "parent": 76,
    "name": "property, plant and equipment",
    "description": null,
    "system_account": 3,
    "lft": 2,
    "rght": 3,
    "tree_id": 18,
    "level": 1
  }
},
{
  "model": "books.accountgroup",
  "pk": 78,
  "fields": {
    "parent": null,
    "name": "current liabilities",
    "description": null,
    "system_account": 3,
    "lft": 1,
    "rght": 6,
    "tree_id": 19,
    "level": 0
  }
},
{
  "model": "books.accountgroup",
  "pk": 79,
  "fields": {
    "parent": 78,
    "name": "accounts payable",
    "description": null,
    "system_account": 3,
    "lft": 2,
    "rght": 3,
    "tree_id": 19,
    "level": 1
  }
},
{
  "model": "books.accountgroup",
  "pk": 80,
  "fields": {
    "parent": 78,
    "name": "other current liabilities",
    "description": null,
    "system_account": 3,
    "lft": 4,
    "rght": 5,
    "tree_id": 19,
    "level": 1
  }
},
{
  "model": "books.accountgroup",
  "pk": 81,
  "fields": {
    "parent": null,
    "name": "long-term liabilities",
    "description": null,
    "system_account": 3,
    "lft": 1,
    "rght": 6,
    "tree_id": 20,
    "level": 0
  }
},
{
  "model": "books.accountgroup",
  "pk": 82,
  "fields": {
    "parent": 81,
    "name": "mortgages",
    "description": null,
    "system_account": 3,
    "lft": 2,
    "rght": 3,
    "tree_id": 20,
    "level": 1
  }
},
{
  "model": "books.accountgroup",
  "pk": 83,
  "fields": {
    "parent": 81,
    "name": "loans",
    "description": null,
    "system_account": 3,
    "lft": 4,
    "rght": 5,
    "tree_id": 20,
    "level": 1
  }
},
{
  "model": "books.accountgroup",
  "pk": 84,
  "fields": {
    "parent": null,
    "name": "equity",
    "description": null,
    "system_account": 3,
    "lft": 1,
    "rght": 6,
    "tree_id": 21,
    "level": 0
  }
},
{
  "model": "books.accountgroup",
  "pk": 85,
  "fields": {
    "parent": 84,
    "name": "capital",
    "description": null,
    "system_account": 3,
    "lft": 2,
    "rght": 3,
    "tree_id": 21,
    "level": 1
  }
},
{
  "model": "books.accountgroup",
  "pk": 86,
  "fields": {
    "parent": 84,
    "name": "retained earnings",
    "description": null,
    "system_account": 3,
    "lft": 4,
    "rght": 5,
    "tree_id": 21,
    "level": 1
  }
},
{
  "model": "books.accountgroup",
  "pk": 87,
  "fields": {
    "parent": null,
    "name": "income",
    "description": null,
    "system_account": 3,
    "lft": 1,
    "rght": 6,
    "tree_id": 22,
    "level": 0
  }
},
{
  "model": "books.accountgroup",
  "pk": 88,
  "fields": {
    "parent": 87,
    "name": "revenue",
    "description": null,
    "system_account": 3,
    "lft": 2,
    "rght": 3,
    "tree_id": 22,
    "level": 1
  }
},
{
  "model": "books.accountgroup",
  "pk": 89,
  "fields": {
    "parent": null,
    "name": "cost of sales",
    "description": null,
    "system_account": 3,
    "lft": 1,
    "rght": 4,
    "tree_id": 23,
    "level": 0
  }
},
{
  "model": "books.accountgroup",
  "pk": 97,
  "fields": {
    "parent": 89,
    "name": "cost of production",
    "description": null,
    "system_account": 3,
    "lft": 2,
    "rght": 3,
    "tree_id": 23,
    "level": 1
  }
},
{
  "model": "books.accountgroup",
  "pk": 98,
  "fields": {
    "parent": null,
    "name": "expense",
    "description": null,
    "system_account": 3,
    "lft": 1,
    "rght": 14,
    "tree_id": 24,
    "level": 0
  }
},
{
  "model": "books.accountgroup",
  "pk": 99,
  "fields": {
    "parent": 98,
    "name": "research and development",
    "description": null,
    "system_account": 3,
    "lft": 2,
    "rght": 3,
    "tree_id": 24,
    "level": 1
  }
},
{
  "model": "books.accountgroup",
  "pk": 100,
  "fields": {
    "parent": 98,
    "name": "sales and marketing",
    "description": null,
    "system_account": 3,
    "lft": 4,
    "rght": 5,
    "tree_id": 24,
    "level": 1
  }
},
{
  "model": "books.accountgroup",
  "pk": 101,
  "fields": {
    "parent": 98,
    "name": "general and administrative",
    "description": null,
    "system_account": 3,
    "lft": 6,
    "rght": 7,
    "tree_id": 24,
    "level": 1
  }
},
{
  "model": "books.accountgroup",
  "pk": 102,
  "fields": {
    "parent": 98,
    "name": "depreciation",
    "description": null,
    "system_account": 3,
    "lft": 8,
    "rght": 9,
    "tree_id": 24,
    "level": 1
  }
},
{
  "model": "books.accountgroup",
  "pk": 103,
  "fields": {
    "parent": 98,
    "name": "finance costs",
    "description": null,
    "system_account": 3,
    "lft": 10,
    "rght": 11,
    "tree_id": 24,
    "level": 1
  }
},
{
  "model": "books.accountgroup",
  "pk": 104,
  "fields": {
    "parent": 87,
    "name": "other income",
    "description": null,
    "system_account": 3,
    "lft": 4,
    "rght": 5,
    "tree_id": 22,
    "level": 1
  }
},
{
  "model": "books.accountgroup",
  "pk": 105,
  "fields": {
    "parent": 98,
    "name": "income tax expense",
    "description": null,
    "system_account": 3,
    "lft": 12,
    "rght": 13,
    "tree_id": 24,
    "level": 1
  }
},
{
  "model": "books.account",
  "pk": 1,
  "fields": {
    "parent": null,
    "code": "1000",
    "name": "Bank",
    "account_group": 2,
    "system_account": 1,
    "increase_balance": "D",
    "address_id": null,
    "lft": 1,
    "rght": 2,
    "tree_id": 1,
    "level": 0
  }
},
{
  "model": "books.account",
  "pk": 2,
  "fields": {
    "parent": null,
    "code": "1001",
    "name": "Cash",
    "account_group": 2,
    "system_account": 1,
    "increase_balance": "D",
    "address_id": null,
    "lft": 1,
    "rght": 2,
    "tree_id": 2,
    "level": 0
  }
},
{
  "model": "books.account",
  "pk": 3,
  "fields": {
    "parent": null,
    "code": "1002",
    "name": "Ecocash",
    "account_group": 2,
    "system_account": 1,
    "increase_balance": "D",
    "address_id": null,
    "lft": 1,
    "rght": 2,
    "tree_id": 3,
    "level": 0
  }
},
{
  "model": "books.account",
  "pk": 4,
  "fields": {
    "parent": null,
    "code": "1010",
    "name": "Bank Savings",
    "account_group": 2,
    "system_account": 1,
    "increase_balance": "D",
    "address_id": null,
    "lft": 1,
    "rght": 2,
    "tree_id": 4,
    "level": 0
  }
},
{
  "model": "books.account",
  "pk": 5,
  "fields": {
    "parent": null,
    "code": "1030",
    "name": "Petty Cash",
    "account_group": 2,
    "system_account": 1,
    "increase_balance": "D",
    "address_id": null,
    "lft": 1,
    "rght": 2,
    "tree_id": 5,
    "level": 0
  }
},
{
  "model": "books.account",
  "pk": 6,
  "fields": {
    "parent": null,
    "code": "1200",
    "name": "Accounts Receivable",
    "account_group": 3,
    "system_account": 1,
    "increase_balance": "D",
    "address_id": null,
    "lft": 1,
    "rght": 2,
    "tree_id": 6,
    "level": 0
  }
},
{
  "model": "books.account",
  "pk": 7,
  "fields": {
    "parent": null,
    "code": "1210",
    "name": "Allowance For Bad Debts",
    "account_group": 3,
    "system_account": 1,
    "increase_balance": "D",
    "address_id": null,
    "lft": 1,
    "rght": 2,
    "tree_id": 7,
    "level": 0
  }
},
{
  "model": "books.account",
  "pk": 8,
  "fields": {
    "parent": null,
    "code": "1400",
    "name": "Stock/Inventory",
    "account_group": 4,
    "system_account": 1,
    "increase_balance": "D",
    "address_id": null,
    "lft": 1,
    "rght": 2,
    "tree_id": 8,
    "level": 0
  }
},
{
  "model": "books.account",
  "pk": 9,
  "fields": {
    "parent": null,
    "code": "1600",
    "name": "Prepayments",
    "account_group": 5,
    "system_account": 1,
    "increase_balance": "D",
    "address_id": null,
    "lft": 1,
    "rght": 2,
    "tree_id": 9,
    "level": 0
  }
},
{
  "model": "books.account",
  "pk": 10,
  "fields": {
    "parent": null,
    "code": "1800",
    "name": "Property",
    "account_group": 7,
    "system_account": 1,
    "increase_balance": "D",
    "address_id": null,
    "lft": 1,
    "rght": 2,
    "tree_id": 10,
    "level": 0
  }
},
{
  "model": "books.account",
  "pk": 11,
  "fields": {
    "parent": null,
    "code": "1810",
    "name": "Property Depreciation",
    "account_group": 7,
    "system_account": 1,
    "increase_balance": "D",
    "address_id": null,
    "lft": 1,
    "rght": 2,
    "tree_id": 11,
    "level": 0
  }
},
{
  "model": "books.account",
  "pk": 12,
  "fields": {
    "parent": null,
    "code": "1820",
    "name": "Plant",
    "account_group": 7,
    "system_account": 1,
    "increase_balance": "D",
    "address_id": null,
    "lft": 1,
    "rght": 2,
    "tree_id": 12,
    "level": 0
  }
},
{
  "model": "books.account",
  "pk": 13,
  "fields": {
    "parent": null,
    "code": "1830",
    "name": "Plant Depreciation",
    "account_group": 7,
    "system_account": 1,
    "increase_balance": "D",
    "address_id": null,
    "lft": 1,
    "rght": 2,
    "tree_id": 13,
    "level": 0
  }
},
{
  "model": "books.account",
  "pk": 14,
  "fields": {
    "parent": null,
    "code": "1840",
    "name": "Equipment",
    "account_group": 7,
    "system_account": 1,
    "increase_balance": "D",
    "address_id": null,
    "lft": 1,
    "rght": 2,
    "tree_id": 14,
    "level": 0
  }
},
{
  "model": "books.account",
  "pk": 15,
  "fields": {
    "parent": null,
    "code": "1850",
    "name": "Equipment Depreciation",
    "account_group": 7,
    "system_account": 1,
    "increase_balance": "D",
    "address_id": null,
    "lft": 1,
    "rght": 2,
    "tree_id": 15,
    "level": 0
  }
},
{
  "model": "books.account",
  "pk": 16,
  "fields": {
    "parent": null,
    "code": "2000",
    "name": "Accounts Payable",
    "account_group": 9,
    "system_account": 1,
    "increase_balance": "C",
    "address_id": null,
    "lft": 1,
    "rght": 2,
    "tree_id": 16,
    "level": 0
  }
},
{
  "model": "books.account",
  "pk": 17,
  "fields": {
    "parent": null,
    "code": "2200",
    "name": "Payroll Payable",
    "account_group": 10,
    "system_account": 1,
    "increase_balance": "C",
    "address_id": null,
    "lft": 1,
    "rght": 2,
    "tree_id": 17,
    "level": 0
  }
},
{
  "model": "books.account",
  "pk": 18,
  "fields": {
    "parent": null,
    "code": "2210",
    "name": "Interest Payable",
    "account_group": 10,
    "system_account": 1,
    "increase_balance": "C",
    "address_id": null,
    "lft": 1,
    "rght": 2,
    "tree_id": 18,
    "level": 0
  }
},
{
  "model": "books.account",
  "pk": 19,
  "fields": {
    "parent": null,
    "code": "2220",
    "name": "Accrued Expenses",
    "account_group": 10,
    "system_account": 1,
    "increase_balance": "C",
    "address_id": null,
    "lft": 1,
    "rght": 2,
    "tree_id": 19,
    "level": 0
  }
},
{
  "model": "books.account",
  "pk": 20,
  "fields": {
    "parent": null,
    "code": "2230",
    "name": "Unearned Revenue",
    "account_group": 10,
    "system_account": 1,
    "increase_balance": "C",
    "address_id": null,
    "lft": 1,
    "rght": 2,
    "tree_id": 20,
    "level": 0
  }
},
{
  "model": "books.account",
  "pk": 21,
  "fields": {
    "parent": null,
    "code": "2240",
    "name": "Sales Tax Payable",
    "account_group": 10,
    "system_account": 1,
    "increase_balance": "C",
    "address_id": null,
    "lft": 1,
    "rght": 2,
    "tree_id": 21,
    "level": 0
  }
},
{
  "model": "books.account",
  "pk": 22,
  "fields": {
    "parent": null,
    "code": "2250",
    "name": "Purchase Tax Payable",
    "account_group": 10,
    "system_account": 1,
    "increase_balance": "C",
    "address_id": null,
    "lft": 1,
    "rght": 2,
    "tree_id": 22,
    "level": 0
  }
},
{
  "model": "books.account",
  "pk": 23,
  "fields": {
    "parent": null,
    "code": "2260",
    "name": "Payroll Tax Payable",
    "account_group": 10,
    "system_account": 1,
    "increase_balance": "C",
    "address_id": null,
    "lft": 1,
    "rght": 2,
    "tree_id": 23,
    "level": 0
  }
},
{
  "model": "books.account",
  "pk": 24,
  "fields": {
    "parent": null,
    "code": "2270",
    "name": "Income Tax Payable",
    "account_group": 10,
    "system_account": 1,
    "increase_balance": "C",
    "address_id": null,
    "lft": 1,
    "rght": 2,
    "tree_id": 24,
    "level": 0
  }
},
{
  "model": "books.account",
  "pk": 25,
  "fields": {
    "parent": null,
    "code": "2400",
    "name": "Mortgage Loan",
    "account_group": 12,
    "system_account": 1,
    "increase_balance": "C",
    "address_id": null,
    "lft": 1,
    "rght": 2,
    "tree_id": 25,
    "level": 0
  }
},
{
  "model": "books.account",
  "pk": 26,
  "fields": {
    "parent": null,
    "code": "2600",
    "name": "Other Loans",
    "account_group": 13,
    "system_account": 1,
    "increase_balance": "C",
    "address_id": null,
    "lft": 1,
    "rght": 2,
    "tree_id": 26,
    "level": 0
  }
},
{
  "model": "books.account",
  "pk": 27,
  "fields": {
    "parent": null,
    "code": "3000",
    "name": "Owners Contributions",
    "account_group": 15,
    "system_account": 1,
    "increase_balance": "C",
    "address_id": null,
    "lft": 1,
    "rght": 2,
    "tree_id": 27,
    "level": 0
  }
},
{
  "model": "books.account",
  "pk": 28,
  "fields": {
    "parent": null,
    "code": "3010",
    "name": "Owners Draw",
    "account_group": 15,
    "system_account": 1,
    "increase_balance": "C",
    "address_id": null,
    "lft": 1,
    "rght": 2,
    "tree_id": 28,
    "level": 0
  }
},
{
  "model": "books.account",
  "pk": 29,
  "fields": {
    "parent": null,
    "code": "3020",
    "name": "Retained Earnings",
    "account_group": 16,
    "system_account": 1,
    "increase_balance": "C",
    "address_id": null,
    "lft": 1,
    "rght": 2,
    "tree_id": 29,
    "level": 0
  }
},
{
  "model": "books.account",
  "pk": 30,
  "fields": {
    "parent": null,
    "code": "4000",
    "name": "Retail Sales",
    "account_group": 18,
    "system_account": 1,
    "increase_balance": "C",
    "address_id": null,
    "lft": 1,
    "rght": 2,
    "tree_id": 30,
    "level": 0
  }
},
{
  "model": "books.account",
  "pk": 31,
  "fields": {
    "parent": null,
    "code": "4010",
    "name": "Services",
    "account_group": 18,
    "system_account": 1,
    "increase_balance": "C",
    "address_id": null,
    "lft": 1,
    "rght": 2,
    "tree_id": 31,
    "level": 0
  }
},
{
  "model": "books.account",
  "pk": 32,
  "fields": {
    "parent": null,
    "code": "4020",
    "name": "Discounts Allowed",
    "account_group": 18,
    "system_account": 1,
    "increase_balance": "C",
    "address_id": null,
    "lft": 1,
    "rght": 2,
    "tree_id": 32,
    "level": 0
  }
},
{
  "model": "books.account",
  "pk": 33,
  "fields": {
    "parent": null,
    "code": "4400",
    "name": "Purchases",
    "account_group": 19,
    "system_account": 1,
    "increase_balance": "D",
    "address_id": null,
    "lft": 1,
    "rght": 2,
    "tree_id": 33,
    "level": 0
  }
},
{
  "model": "books.account",
  "pk": 34,
  "fields": {
    "parent": null,
    "code": "4410",
    "name": "Packaging",
    "account_group": 19,
    "system_account": 1,
    "increase_balance": "D",
    "address_id": null,
    "lft": 1,
    "rght": 2,
    "tree_id": 34,
    "level": 0
  }
},
{
  "model": "books.account",
  "pk": 35,
  "fields": {
    "parent": null,
    "code": "4420",
    "name": "Discounts Taken",
    "account_group": 19,
    "system_account": 1,
    "increase_balance": "D",
    "address_id": null,
    "lft": 1,
    "rght": 2,
    "tree_id": 35,
    "level": 0
  }
},
{
  "model": "books.account",
  "pk": 36,
  "fields": {
    "parent": null,
    "code": "4430",
    "name": "Shipping Costs",
    "account_group": 19,
    "system_account": 1,
    "increase_balance": "D",
    "address_id": null,
    "lft": 1,
    "rght": 2,
    "tree_id": 36,
    "level": 0
  }
},
{
  "model": "books.account",
  "pk": 37,
  "fields": {
    "parent": null,
    "code": "4440",
    "name": "Import Duty",
    "account_group": 19,
    "system_account": 1,
    "increase_balance": "D",
    "address_id": null,
    "lft": 1,
    "rght": 2,
    "tree_id": 37,
    "level": 0
  }
},
{
  "model": "books.account",
  "pk": 38,
  "fields": {
    "parent": null,
    "code": "4450",
    "name": "Opening Stock/Inventory",
    "account_group": 19,
    "system_account": 1,
    "increase_balance": "D",
    "address_id": null,
    "lft": 1,
    "rght": 2,
    "tree_id": 38,
    "level": 0
  }
},
{
  "model": "books.account",
  "pk": 39,
  "fields": {
    "parent": null,
    "code": "4460",
    "name": "Closing Stock/Inventory",
    "account_group": 19,
    "system_account": 1,
    "increase_balance": "D",
    "address_id": null,
    "lft": 1,
    "rght": 2,
    "tree_id": 39,
    "level": 0
  }
},
{
  "model": "books.account",
  "pk": 40,
  "fields": {
    "parent": null,
    "code": "4470",
    "name": "Direct Labour",
    "account_group": 27,
    "system_account": 1,
    "increase_balance": "D",
    "address_id": null,
    "lft": 1,
    "rght": 2,
    "tree_id": 40,
    "level": 0
  }
},
{
  "model": "books.account",
  "pk": 41,
  "fields": {
    "parent": null,
    "code": "4480",
    "name": "Manufacturing",
    "account_group": 27,
    "system_account": 1,
    "increase_balance": "D",
    "address_id": null,
    "lft": 1,
    "rght": 2,
    "tree_id": 41,
    "level": 0
  }
},
{
  "model": "books.account",
  "pk": 42,
  "fields": {
    "parent": null,
    "code": "4490",
    "name": "Direct Materials",
    "account_group": 27,
    "system_account": 1,
    "increase_balance": "D",
    "address_id": null,
    "lft": 1,
    "rght": 2,
    "tree_id": 42,
    "level": 0
  }
},
{
  "model": "books.account",
  "pk": 43,
  "fields": {
    "parent": null,
    "code": "4500",
    "name": "Direct Expenses",
    "account_group": 27,
    "system_account": 1,
    "increase_balance": "D",
    "address_id": null,
    "lft": 1,
    "rght": 2,
    "tree_id": 43,
    "level": 0
  }
},
{
  "model": "books.account",
  "pk": 44,
  "fields": {
    "parent": null,
    "code": "4510",
    "name": "Indirect Manufacturing Costs",
    "account_group": 27,
    "system_account": 1,
    "increase_balance": "D",
    "address_id": null,
    "lft": 1,
    "rght": 2,
    "tree_id": 44,
    "level": 0
  }
},
{
  "model": "books.account",
  "pk": 45,
  "fields": {
    "parent": null,
    "code": "4520",
    "name": "Indirect Labour",
    "account_group": 27,
    "system_account": 1,
    "increase_balance": "D",
    "address_id": null,
    "lft": 1,
    "rght": 2,
    "tree_id": 45,
    "level": 0
  }
},
{
  "model": "books.account",
  "pk": 46,
  "fields": {
    "parent": null,
    "code": "4800",
    "name": "Research And Development",
    "account_group": 29,
    "system_account": 1,
    "increase_balance": "D",
    "address_id": null,
    "lft": 1,
    "rght": 2,
    "tree_id": 46,
    "level": 0
  }
},
{
  "model": "books.account",
  "pk": 47,
  "fields": {
    "parent": null,
    "code": "5000",
    "name": "Sales Commissions",
    "account_group": 30,
    "system_account": 1,
    "increase_balance": "D",
    "address_id": null,
    "lft": 1,
    "rght": 2,
    "tree_id": 47,
    "level": 0
  }
},
{
  "model": "books.account",
  "pk": 48,
  "fields": {
    "parent": null,
    "code": "5010",
    "name": "Sales Promotion",
    "account_group": 30,
    "system_account": 1,
    "increase_balance": "D",
    "address_id": null,
    "lft": 1,
    "rght": 2,
    "tree_id": 48,
    "level": 0
  }
},
{
  "model": "books.account",
  "pk": 49,
  "fields": {
    "parent": null,
    "code": "5020",
    "name": "Advertising",
    "account_group": 30,
    "system_account": 1,
    "increase_balance": "D",
    "address_id": null,
    "lft": 1,
    "rght": 2,
    "tree_id": 49,
    "level": 0
  }
},
{
  "model": "books.account",
  "pk": 50,
  "fields": {
    "parent": null,
    "code": "5030",
    "name": "Gifts & Samples",
    "account_group": 30,
    "system_account": 1,
    "increase_balance": "D",
    "address_id": null,
    "lft": 1,
    "rght": 2,
    "tree_id": 50,
    "level": 0
  }
},
{
  "model": "books.account",
  "pk": 51,
  "fields": {
    "parent": null,
    "code": "5040",
    "name": "Marketing Expenses",
    "account_group": 30,
    "system_account": 1,
    "increase_balance": "D",
    "address_id": null,
    "lft": 1,
    "rght": 2,
    "tree_id": 51,
    "level": 0
  }
},
{
  "model": "books.account",
  "pk": 52,
  "fields": {
    "parent": null,
    "code": "5200",
    "name": "Payroll",
    "account_group": 31,
    "system_account": 1,
    "increase_balance": "D",
    "address_id": null,
    "lft": 1,
    "rght": 2,
    "tree_id": 52,
    "level": 0
  }
},
{
  "model": "books.account",
  "pk": 53,
  "fields": {
    "parent": null,
    "code": "5210",
    "name": "Contract Labor",
    "account_group": 31,
    "system_account": 1,
    "increase_balance": "D",
    "address_id": null,
    "lft": 1,
    "rght": 2,
    "tree_id": 53,
    "level": 0
  }
},
{
  "model": "books.account",
  "pk": 54,
  "fields": {
    "parent": null,
    "code": "5220",
    "name": "Payroll Expenses",
    "account_group": 31,
    "system_account": 1,
    "increase_balance": "D",
    "address_id": null,
    "lft": 1,
    "rght": 2,
    "tree_id": 54,
    "level": 0
  }
},
{
  "model": "books.account",
  "pk": 55,
  "fields": {
    "parent": null,
    "code": "5230",
    "name": "Payroll Benefits",
    "account_group": 31,
    "system_account": 1,
    "increase_balance": "D",
    "address_id": null,
    "lft": 1,
    "rght": 2,
    "tree_id": 55,
    "level": 0
  }
},
{
  "model": "books.account",
  "pk": 56,
  "fields": {
    "parent": null,
    "code": "5240",
    "name": "Payroll Taxes",
    "account_group": 31,
    "system_account": 1,
    "increase_balance": "D",
    "address_id": null,
    "lft": 1,
    "rght": 2,
    "tree_id": 56,
    "level": 0
  }
},
{
  "model": "books.account",
  "pk": 57,
  "fields": {
    "parent": null,
    "code": "5250",
    "name": "Computer And Internet",
    "account_group": 31,
    "system_account": 1,
    "increase_balance": "D",
    "address_id": null,
    "lft": 1,
    "rght": 2,
    "tree_id": 57,
    "level": 0
  }
},
{
  "model": "books.account",
  "pk": 58,
  "fields": {
    "parent": null,
    "code": "5260",
    "name": "Software",
    "account_group": 31,
    "system_account": 1,
    "increase_balance": "D",
    "address_id": null,
    "lft": 1,
    "rght": 2,
    "tree_id": 58,
    "level": 0
  }
},
{
  "model": "books.account",
  "pk": 59,
  "fields": {
    "parent": null,
    "code": "5270",
    "name": "Website",
    "account_group": 31,
    "system_account": 1,
    "increase_balance": "D",
    "address_id": null,
    "lft": 1,
    "rght": 2,
    "tree_id": 59,
    "level": 0
  }
},
{
  "model": "books.account",
  "pk": 60,
  "fields": {
    "parent": null,
    "code": "5280",
    "name": "Rent",
    "account_group": 31,
    "system_account": 1,
    "increase_balance": "D",
    "address_id": null,
    "lft": 1,
    "rght": 2,
    "tree_id": 60,
    "level": 0
  }
},
{
  "model": "books.account",
  "pk": 61,
  "fields": {
    "parent": null,
    "code": "5290",
    "name": "Property Taxes",
    "account_group": 31,
    "system_account": 1,
    "increase_balance": "D",
    "address_id": null,
    "lft": 1,
    "rght": 2,
    "tree_id": 61,
    "level": 0
  }
},
{
  "model": "books.account",
  "pk": 62,
  "fields": {
    "parent": null,
    "code": "5300",
    "name": "Utilities",
    "account_group": 31,
    "system_account": 1,
    "increase_balance": "D",
    "address_id": null,
    "lft": 1,
    "rght": 2,
    "tree_id": 62,
    "level": 0
  }
},
{
  "model": "books.account",
  "pk": 63,
  "fields": {
    "parent": null,
    "code": "5310",
    "name": "Motor Expenses",
    "account_group": 31,
    "system_account": 1,
    "increase_balance": "D",
    "address_id": null,
    "lft": 1,
    "rght": 2,
    "tree_id": 63,
    "level": 0
  }
},
{
  "model": "books.account",
  "pk": 64,
  "fields": {
    "parent": null,
    "code": "5320",
    "name": "Travelling",
    "account_group": 31,
    "system_account": 1,
    "increase_balance": "D",
    "address_id": null,
    "lft": 1,
    "rght": 2,
    "tree_id": 64,
    "level": 0
  }
},
{
  "model": "books.account",
  "pk": 65,
  "fields": {
    "parent": null,
    "code": "5330",
    "name": "Hotels",
    "account_group": 31,
    "system_account": 1,
    "increase_balance": "D",
    "address_id": null,
    "lft": 1,
    "rght": 2,
    "tree_id": 65,
    "level": 0
  }
},
{
  "model": "books.account",
  "pk": 66,
  "fields": {
    "parent": null,
    "code": "5340",
    "name": "Meals And Entertainment",
    "account_group": 31,
    "system_account": 1,
    "increase_balance": "D",
    "address_id": null,
    "lft": 1,
    "rght": 2,
    "tree_id": 66,
    "level": 0
  }
},
{
  "model": "books.account",
  "pk": 67,
  "fields": {
    "parent": null,
    "code": "5350",
    "name": "Printing",
    "account_group": 31,
    "system_account": 1,
    "increase_balance": "D",
    "address_id": null,
    "lft": 1,
    "rght": 2,
    "tree_id": 67,
    "level": 0
  }
},
{
  "model": "books.account",
  "pk": 68,
  "fields": {
    "parent": null,
    "code": "5360",
    "name": "Postage & Carriage",
    "account_group": 31,
    "system_account": 1,
    "increase_balance": "D",
    "address_id": null,
    "lft": 1,
    "rght": 2,
    "tree_id": 68,
    "level": 0
  }
},
{
  "model": "books.account",
  "pk": 69,
  "fields": {
    "parent": null,
    "code": "5370",
    "name": "Telephone",
    "account_group": 31,
    "system_account": 1,
    "increase_balance": "D",
    "address_id": null,
    "lft": 1,
    "rght": 2,
    "tree_id": 69,
    "level": 0
  }
},
{
  "model": "books.account",
  "pk": 70,
  "fields": {
    "parent": null,
    "code": "5380",
    "name": "Office Supplies",
    "account_group": 31,
    "system_account": 1,
    "increase_balance": "D",
    "address_id": null,
    "lft": 1,
    "rght": 2,
    "tree_id": 70,
    "level": 0
  }
},
{
  "model": "books.account",
  "pk": 71,
  "fields": {
    "parent": null,
    "code": "5390",
    "name": "Professional Fees",
    "account_group": 31,
    "system_account": 1,
    "increase_balance": "D",
    "address_id": null,
    "lft": 1,
    "rght": 2,
    "tree_id": 71,
    "level": 0
  }
},
{
  "model": "books.account",
  "pk": 72,
  "fields": {
    "parent": null,
    "code": "5400",
    "name": "Equipment Hire",
    "account_group": 31,
    "system_account": 1,
    "increase_balance": "D",
    "address_id": null,
    "lft": 1,
    "rght": 2,
    "tree_id": 72,
    "level": 0
  }
},
{
  "model": "books.account",
  "pk": 73,
  "fields": {
    "parent": null,
    "code": "5410",
    "name": "Repairs & Maintenance",
    "account_group": 31,
    "system_account": 1,
    "increase_balance": "D",
    "address_id": null,
    "lft": 1,
    "rght": 2,
    "tree_id": 73,
    "level": 0
  }
},
{
  "model": "books.account",
  "pk": 74,
  "fields": {
    "parent": null,
    "code": "5420",
    "name": "Cleaning Supplies",
    "account_group": 31,
    "system_account": 1,
    "increase_balance": "D",
    "address_id": null,
    "lft": 1,
    "rght": 2,
    "tree_id": 74,
    "level": 0
  }
},
{
  "model": "books.account",
  "pk": 75,
  "fields": {
    "parent": null,
    "code": "5430",
    "name": "Bad Debt Expense",
    "account_group": 31,
    "system_account": 1,
    "increase_balance": "D",
    "address_id": null,
    "lft": 1,
    "rght": 2,
    "tree_id": 75,
    "level": 0
  }
},
{
  "model": "books.account",
  "pk": 76,
  "fields": {
    "parent": null,
    "code": "5440",
    "name": "Dues And Membership Fees",
    "account_group": 31,
    "system_account": 1,
    "increase_balance": "D",
    "address_id": null,
    "lft": 1,
    "rght": 2,
    "tree_id": 76,
    "level": 0
  }
},
{
  "model": "books.account",
  "pk": 77,
  "fields": {
    "parent": null,
    "code": "5460",
    "name": "Insurance",
    "account_group": 31,
    "system_account": 1,
    "increase_balance": "D",
    "address_id": null,
    "lft": 1,
    "rght": 2,
    "tree_id": 77,
    "level": 0
  }
},
{
  "model": "books.account",
  "pk": 78,
  "fields": {
    "parent": null,
    "code": "5470",
    "name": "Security",
    "account_group": 31,
    "system_account": 1,
    "increase_balance": "D",
    "address_id": null,
    "lft": 1,
    "rght": 2,
    "tree_id": 78,
    "level": 0
  }
},
{
  "model": "books.account",
  "pk": 79,
  "fields": {
    "parent": null,
    "code": "5480",
    "name": "Suspense Account",
    "account_group": 31,
    "system_account": 1,
    "increase_balance": "D",
    "address_id": null,
    "lft": 1,
    "rght": 2,
    "tree_id": 79,
    "level": 0
  }
},
{
  "model": "books.account",
  "pk": 80,
  "fields": {
    "parent": null,
    "code": "5600",
    "name": "Depreciation",
    "account_group": 32,
    "system_account": 1,
    "increase_balance": "D",
    "address_id": null,
    "lft": 1,
    "rght": 2,
    "tree_id": 80,
    "level": 0
  }
},
{
  "model": "books.account",
  "pk": 81,
  "fields": {
    "parent": null,
    "code": "5800",
    "name": "Interest Expense",
    "account_group": 33,
    "system_account": 1,
    "increase_balance": "D",
    "address_id": null,
    "lft": 1,
    "rght": 2,
    "tree_id": 81,
    "level": 0
  }
},
{
  "model": "books.account",
  "pk": 82,
  "fields": {
    "parent": null,
    "code": "5810",
    "name": "Bank Fees",
    "account_group": 33,
    "system_account": 1,
    "increase_balance": "D",
    "address_id": null,
    "lft": 1,
    "rght": 2,
    "tree_id": 82,
    "level": 0
  }
},
{
  "model": "books.account",
  "pk": 83,
  "fields": {
    "parent": null,
    "code": "4200",
    "name": "Interest Income",
    "account_group": 34,
    "system_account": 1,
    "increase_balance": "C",
    "address_id": null,
    "lft": 1,
    "rght": 2,
    "tree_id": 83,
    "level": 0
  }
},
{
  "model": "books.account",
  "pk": 84,
  "fields": {
    "parent": null,
    "code": "4210",
    "name": "Rent Income",
    "account_group": 34,
    "system_account": 1,
    "increase_balance": "C",
    "address_id": null,
    "lft": 1,
    "rght": 2,
    "tree_id": 84,
    "level": 0
  }
},
{
  "model": "books.account",
  "pk": 85,
  "fields": {
    "parent": null,
    "code": "5900",
    "name": "Income Tax Expense",
    "account_group": 35,
    "system_account": 1,
    "increase_balance": "D",
    "address_id": null,
    "lft": 1,
    "rght": 2,
    "tree_id": 85,
    "level": 0
  }
},
{
  "model": "books.account",
  "pk": 86,
  "fields": {
    "parent": null,
    "code": "1000",
    "name": "Bank",
    "account_group": 37,
    "system_account": 2,
    "increase_balance": "D",
    "address_id": null,
    "lft": 1,
    "rght": 2,
    "tree_id": 86,
    "level": 0
  }
},
{
  "model": "books.account",
  "pk": 87,
  "fields": {
    "parent": null,
    "code": "1001",
    "name": "Cash",
    "account_group": 37,
    "system_account": 2,
    "increase_balance": "D",
    "address_id": null,
    "lft": 1,
    "rght": 2,
    "tree_id": 87,
    "level": 0
  }
},
{
  "model": "books.account",
  "pk": 88,
  "fields": {
    "parent": null,
    "code": "1002",
    "name": "Ecocash",
    "account_group": 37,
    "system_account": 2,
    "increase_balance": "D",
    "address_id": null,
    "lft": 1,
    "rght": 2,
    "tree_id": 88,
    "level": 0
  }
},
{
  "model": "books.account",
  "pk": 89,
  "fields": {
    "parent": null,
    "code": "1010",
    "name": "Bank Savings",
    "account_group": 37,
    "system_account": 2,
    "increase_balance": "D",
    "address_id": null,
    "lft": 1,
    "rght": 2,
    "tree_id": 89,
    "level": 0
  }
},
{
  "model": "books.account",
  "pk": 90,
  "fields": {
    "parent": null,
    "code": "1030",
    "name": "Petty Cash",
    "account_group": 37,
    "system_account": 2,
    "increase_balance": "D",
    "address_id": null,
    "lft": 1,
    "rght": 2,
    "tree_id": 90,
    "level": 0
  }
},
{
  "model": "books.account",
  "pk": 91,
  "fields": {
    "parent": null,
    "code": "1200",
    "name": "Accounts Receivable",
    "account_group": 38,
    "system_account": 2,
    "increase_balance": "D",
    "address_id": null,
    "lft": 1,
    "rght": 2,
    "tree_id": 91,
    "level": 0
  }
},
{
  "model": "books.account",
  "pk": 92,
  "fields": {
    "parent": null,
    "code": "1210",
    "name": "Allowance For Bad Debts",
    "account_group": 38,
    "system_account": 2,
    "increase_balance": "D",
    "address_id": null,
    "lft": 1,
    "rght": 2,
    "tree_id": 92,
    "level": 0
  }
},
{
  "model": "books.account",
  "pk": 93,
  "fields": {
    "parent": null,
    "code": "1400",
    "name": "Stock/Inventory",
    "account_group": 39,
    "system_account": 2,
    "increase_balance": "D",
    "address_id": null,
    "lft": 1,
    "rght": 2,
    "tree_id": 93,
    "level": 0
  }
},
{
  "model": "books.account",
  "pk": 94,
  "fields": {
    "parent": null,
    "code": "1600",
    "name": "Prepayments",
    "account_group": 40,
    "system_account": 2,
    "increase_balance": "D",
    "address_id": null,
    "lft": 1,
    "rght": 2,
    "tree_id": 94,
    "level": 0
  }
},
{
  "model": "books.account",
  "pk": 95,
  "fields": {
    "parent": null,
    "code": "1800",
    "name": "Property",
    "account_group": 42,
    "system_account": 2,
    "increase_balance": "D",
    "address_id": null,
    "lft": 1,
    "rght": 2,
    "tree_id": 95,
    "level": 0
  }
},
{
  "model": "books.account",
  "pk": 96,
  "fields": {
    "parent": null,
    "code": "1810",
    "name": "Property Depreciation",
    "account_group": 42,
    "system_account": 2,
    "increase_balance": "D",
    "address_id": null,
    "lft": 1,
    "rght": 2,
    "tree_id": 96,
    "level": 0
  }
},
{
  "model": "books.account",
  "pk": 97,
  "fields": {
    "parent": null,
    "code": "1820",
    "name": "Plant",
    "account_group": 42,
    "system_account": 2,
    "increase_balance": "D",
    "address_id": null,
    "lft": 1,
    "rght": 2,
    "tree_id": 97,
    "level": 0
  }
},
{
  "model": "books.account",
  "pk": 98,
  "fields": {
    "parent": null,
    "code": "1830",
    "name": "Plant Depreciation",
    "account_group": 42,
    "system_account": 2,
    "increase_balance": "D",
    "address_id": null,
    "lft": 1,
    "rght": 2,
    "tree_id": 98,
    "level": 0
  }
},
{
  "model": "books.account",
  "pk": 99,
  "fields": {
    "parent": null,
    "code": "1840",
    "name": "Equipment",
    "account_group": 42,
    "system_account": 2,
    "increase_balance": "D",
    "address_id": null,
    "lft": 1,
    "rght": 2,
    "tree_id": 99,
    "level": 0
  }
},
{
  "model": "books.account",
  "pk": 100,
  "fields": {
    "parent": null,
    "code": "1850",
    "name": "Equipment Depreciation",
    "account_group": 42,
    "system_account": 2,
    "increase_balance": "D",
    "address_id": null,
    "lft": 1,
    "rght": 2,
    "tree_id": 100,
    "level": 0
  }
},
{
  "model": "books.account",
  "pk": 101,
  "fields": {
    "parent": null,
    "code": "2000",
    "name": "Accounts Payable",
    "account_group": 44,
    "system_account": 2,
    "increase_balance": "C",
    "address_id": null,
    "lft": 1,
    "rght": 2,
    "tree_id": 101,
    "level": 0
  }
},
{
  "model": "books.account",
  "pk": 102,
  "fields": {
    "parent": null,
    "code": "2200",
    "name": "Payroll Payable",
    "account_group": 45,
    "system_account": 2,
    "increase_balance": "C",
    "address_id": null,
    "lft": 1,
    "rght": 2,
    "tree_id": 102,
    "level": 0
  }
},
{
  "model": "books.account",
  "pk": 103,
  "fields": {
    "parent": null,
    "code": "2210",
    "name": "Interest Payable",
    "account_group": 45,
    "system_account": 2,
    "increase_balance": "C",
    "address_id": null,
    "lft": 1,
    "rght": 2,
    "tree_id": 103,
    "level": 0
  }
},
{
  "model": "books.account",
  "pk": 104,
  "fields": {
    "parent": null,
    "code": "2220",
    "name": "Accrued Expenses",
    "account_group": 45,
    "system_account": 2,
    "increase_balance": "C",
    "address_id": null,
    "lft": 1,
    "rght": 2,
    "tree_id": 104,
    "level": 0
  }
},
{
  "model": "books.account",
  "pk": 105,
  "fields": {
    "parent": null,
    "code": "2230",
    "name": "Unearned Revenue",
    "account_group": 45,
    "system_account": 2,
    "increase_balance": "C",
    "address_id": null,
    "lft": 1,
    "rght": 2,
    "tree_id": 105,
    "level": 0
  }
},
{
  "model": "books.account",
  "pk": 106,
  "fields": {
    "parent": null,
    "code": "2240",
    "name": "Sales Tax Payable",
    "account_group": 45,
    "system_account": 2,
    "increase_balance": "C",
    "address_id": null,
    "lft": 1,
    "rght": 2,
    "tree_id": 106,
    "level": 0
  }
},
{
  "model": "books.account",
  "pk": 107,
  "fields": {
    "parent": null,
    "code": "2250",
    "name": "Purchase Tax Payable",
    "account_group": 45,
    "system_account": 2,
    "increase_balance": "C",
    "address_id": null,
    "lft": 1,
    "rght": 2,
    "tree_id": 107,
    "level": 0
  }
},
{
  "model": "books.account",
  "pk": 108,
  "fields": {
    "parent": null,
    "code": "2260",
    "name": "Payroll Tax Payable",
    "account_group": 45,
    "system_account": 2,
    "increase_balance": "C",
    "address_id": null,
    "lft": 1,
    "rght": 2,
    "tree_id": 108,
    "level": 0
  }
},
{
  "model": "books.account",
  "pk": 109,
  "fields": {
    "parent": null,
    "code": "2270",
    "name": "Income Tax Payable",
    "account_group": 45,
    "system_account": 2,
    "increase_balance": "C",
    "address_id": null,
    "lft": 1,
    "rght": 2,
    "tree_id": 109,
    "level": 0
  }
},
{
  "model": "books.account",
  "pk": 110,
  "fields": {
    "parent": null,
    "code": "2400",
    "name": "Mortgage Loan",
    "account_group": 47,
    "system_account": 2,
    "increase_balance": "C",
    "address_id": null,
    "lft": 1,
    "rght": 2,
    "tree_id": 110,
    "level": 0
  }
},
{
  "model": "books.account",
  "pk": 111,
  "fields": {
    "parent": null,
    "code": "2600",
    "name": "Other Loans",
    "account_group": 48,
    "system_account": 2,
    "increase_balance": "C",
    "address_id": null,
    "lft": 1,
    "rght": 2,
    "tree_id": 111,
    "level": 0
  }
},
{
  "model": "books.account",
  "pk": 112,
  "fields": {
    "parent": null,
    "code": "3000",
    "name": "Owners Contributions",
    "account_group": 50,
    "system_account": 2,
    "increase_balance": "C",
    "address_id": null,
    "lft": 1,
    "rght": 2,
    "tree_id": 112,
    "level": 0
  }
},
{
  "model": "books.account",
  "pk": 113,
  "fields": {
    "parent": null,
    "code": "3010",
    "name": "Owners Draw",
    "account_group": 50,
    "system_account": 2,
    "increase_balance": "C",
    "address_id": null,
    "lft": 1,
    "rght": 2,
    "tree_id": 113,
    "level": 0
  }
},
{
  "model": "books.account",
  "pk": 114,
  "fields": {
    "parent": null,
    "code": "3020",
    "name": "Retained Earnings",
    "account_group": 51,
    "system_account": 2,
    "increase_balance": "C",
    "address_id": null,
    "lft": 1,
    "rght": 2,
    "tree_id": 114,
    "level": 0
  }
},
{
  "model": "books.account",
  "pk": 115,
  "fields": {
    "parent": null,
    "code": "4000",
    "name": "Retail Sales",
    "account_group": 53,
    "system_account": 2,
    "increase_balance": "C",
    "address_id": null,
    "lft": 1,
    "rght": 2,
    "tree_id": 115,
    "level": 0
  }
},
{
  "model": "books.account",
  "pk": 116,
  "fields": {
    "parent": null,
    "code": "4010",
    "name": "Services",
    "account_group": 53,
    "system_account": 2,
    "increase_balance": "C",
    "address_id": null,
    "lft": 1,
    "rght": 2,
    "tree_id": 116,
    "level": 0
  }
},
{
  "model": "books.account",
  "pk": 117,
  "fields": {
    "parent": null,
    "code": "4020",
    "name": "Discounts Allowed",
    "account_group": 53,
    "system_account": 2,
    "increase_balance": "C",
    "address_id": null,
    "lft": 1,
    "rght": 2,
    "tree_id": 117,
    "level": 0
  }
},
{
  "model": "books.account",
  "pk": 118,
  "fields": {
    "parent": null,
    "code": "4400",
    "name": "Purchases",
    "account_group": 54,
    "system_account": 2,
    "increase_balance": "D",
    "address_id": null,
    "lft": 1,
    "rght": 2,
    "tree_id": 118,
    "level": 0
  }
},
{
  "model": "books.account",
  "pk": 119,
  "fields": {
    "parent": null,
    "code": "4410",
    "name": "Packaging",
    "account_group": 54,
    "system_account": 2,
    "increase_balance": "D",
    "address_id": null,
    "lft": 1,
    "rght": 2,
    "tree_id": 119,
    "level": 0
  }
},
{
  "model": "books.account",
  "pk": 120,
  "fields": {
    "parent": null,
    "code": "4420",
    "name": "Discounts Taken",
    "account_group": 54,
    "system_account": 2,
    "increase_balance": "D",
    "address_id": null,
    "lft": 1,
    "rght": 2,
    "tree_id": 120,
    "level": 0
  }
},
{
  "model": "books.account",
  "pk": 121,
  "fields": {
    "parent": null,
    "code": "4430",
    "name": "Shipping Costs",
    "account_group": 54,
    "system_account": 2,
    "increase_balance": "D",
    "address_id": null,
    "lft": 1,
    "rght": 2,
    "tree_id": 121,
    "level": 0
  }
},
{
  "model": "books.account",
  "pk": 122,
  "fields": {
    "parent": null,
    "code": "4440",
    "name": "Import Duty",
    "account_group": 54,
    "system_account": 2,
    "increase_balance": "D",
    "address_id": null,
    "lft": 1,
    "rght": 2,
    "tree_id": 122,
    "level": 0
  }
},
{
  "model": "books.account",
  "pk": 123,
  "fields": {
    "parent": null,
    "code": "4450",
    "name": "Opening Stock/Inventory",
    "account_group": 54,
    "system_account": 2,
    "increase_balance": "D",
    "address_id": null,
    "lft": 1,
    "rght": 2,
    "tree_id": 123,
    "level": 0
  }
},
{
  "model": "books.account",
  "pk": 124,
  "fields": {
    "parent": null,
    "code": "4460",
    "name": "Closing Stock/Inventory",
    "account_group": 54,
    "system_account": 2,
    "increase_balance": "D",
    "address_id": null,
    "lft": 1,
    "rght": 2,
    "tree_id": 124,
    "level": 0
  }
},
{
  "model": "books.account",
  "pk": 125,
  "fields": {
    "parent": null,
    "code": "4470",
    "name": "Direct Labour",
    "account_group": 62,
    "system_account": 2,
    "increase_balance": "D",
    "address_id": null,
    "lft": 1,
    "rght": 2,
    "tree_id": 125,
    "level": 0
  }
},
{
  "model": "books.account",
  "pk": 126,
  "fields": {
    "parent": null,
    "code": "4480",
    "name": "Manufacturing",
    "account_group": 62,
    "system_account": 2,
    "increase_balance": "D",
    "address_id": null,
    "lft": 1,
    "rght": 2,
    "tree_id": 126,
    "level": 0
  }
},
{
  "model": "books.account",
  "pk": 127,
  "fields": {
    "parent": null,
    "code": "4490",
    "name": "Direct Materials",
    "account_group": 62,
    "system_account": 2,
    "increase_balance": "D",
    "address_id": null,
    "lft": 1,
    "rght": 2,
    "tree_id": 127,
    "level": 0
  }
},
{
  "model": "books.account",
  "pk": 128,
  "fields": {
    "parent": null,
    "code": "4500",
    "name": "Direct Expenses",
    "account_group": 62,
    "system_account": 2,
    "increase_balance": "D",
    "address_id": null,
    "lft": 1,
    "rght": 2,
    "tree_id": 128,
    "level": 0
  }
},
{
  "model": "books.account",
  "pk": 129,
  "fields": {
    "parent": null,
    "code": "4510",
    "name": "Indirect Manufacturing Costs",
    "account_group": 62,
    "system_account": 2,
    "increase_balance": "D",
    "address_id": null,
    "lft": 1,
    "rght": 2,
    "tree_id": 129,
    "level": 0
  }
},
{
  "model": "books.account",
  "pk": 130,
  "fields": {
    "parent": null,
    "code": "4520",
    "name": "Indirect Labour",
    "account_group": 62,
    "system_account": 2,
    "increase_balance": "D",
    "address_id": null,
    "lft": 1,
    "rght": 2,
    "tree_id": 130,
    "level": 0
  }
},
{
  "model": "books.account",
  "pk": 131,
  "fields": {
    "parent": null,
    "code": "4800",
    "name": "Research And Development",
    "account_group": 64,
    "system_account": 2,
    "increase_balance": "D",
    "address_id": null,
    "lft": 1,
    "rght": 2,
    "tree_id": 131,
    "level": 0
  }
},
{
  "model": "books.account",
  "pk": 132,
  "fields": {
    "parent": null,
    "code": "5000",
    "name": "Sales Commissions",
    "account_group": 65,
    "system_account": 2,
    "increase_balance": "D",
    "address_id": null,
    "lft": 1,
    "rght": 2,
    "tree_id": 132,
    "level": 0
  }
},
{
  "model": "books.account",
  "pk": 133,
  "fields": {
    "parent": null,
    "code": "5010",
    "name": "Sales Promotion",
    "account_group": 65,
    "system_account": 2,
    "increase_balance": "D",
    "address_id": null,
    "lft": 1,
    "rght": 2,
    "tree_id": 133,
    "level": 0
  }
},
{
  "model": "books.account",
  "pk": 134,
  "fields": {
    "parent": null,
    "code": "5020",
    "name": "Advertising",
    "account_group": 65,
    "system_account": 2,
    "increase_balance": "D",
    "address_id": null,
    "lft": 1,
    "rght": 2,
    "tree_id": 134,
    "level": 0
  }
},
{
  "model": "books.account",
  "pk": 135,
  "fields": {
    "parent": null,
    "code": "5030",
    "name": "Gifts & Samples",
    "account_group": 65,
    "system_account": 2,
    "increase_balance": "D",
    "address_id": null,
    "lft": 1,
    "rght": 2,
    "tree_id": 135,
    "level": 0
  }
},
{
  "model": "books.account",
  "pk": 136,
  "fields": {
    "parent": null,
    "code": "5040",
    "name": "Marketing Expenses",
    "account_group": 65,
    "system_account": 2,
    "increase_balance": "D",
    "address_id": null,
    "lft": 1,
    "rght": 2,
    "tree_id": 136,
    "level": 0
  }
},
{
  "model": "books.account",
  "pk": 137,
  "fields": {
    "parent": null,
    "code": "5200",
    "name": "Payroll",
    "account_group": 66,
    "system_account": 2,
    "increase_balance": "D",
    "address_id": null,
    "lft": 1,
    "rght": 2,
    "tree_id": 137,
    "level": 0
  }
},
{
  "model": "books.account",
  "pk": 138,
  "fields": {
    "parent": null,
    "code": "5210",
    "name": "Contract Labor",
    "account_group": 66,
    "system_account": 2,
    "increase_balance": "D",
    "address_id": null,
    "lft": 1,
    "rght": 2,
    "tree_id": 138,
    "level": 0
  }
},
{
  "model": "books.account",
  "pk": 139,
  "fields": {
    "parent": null,
    "code": "5220",
    "name": "Payroll Expenses",
    "account_group": 66,
    "system_account": 2,
    "increase_balance": "D",
    "address_id": null,
    "lft": 1,
    "rght": 2,
    "tree_id": 139,
    "level": 0
  }
},
{
  "model": "books.account",
  "pk": 140,
  "fields": {
    "parent": null,
    "code": "5230",
    "name": "Payroll Benefits",
    "account_group": 66,
    "system_account": 2,
    "increase_balance": "D",
    "address_id": null,
    "lft": 1,
    "rght": 2,
    "tree_id": 140,
    "level": 0
  }
},
{
  "model": "books.account",
  "pk": 141,
  "fields": {
    "parent": null,
    "code": "5240",
    "name": "Payroll Taxes",
    "account_group": 66,
    "system_account": 2,
    "increase_balance": "D",
    "address_id": null,
    "lft": 1,
    "rght": 2,
    "tree_id": 141,
    "level": 0
  }
},
{
  "model": "books.account",
  "pk": 142,
  "fields": {
    "parent": null,
    "code": "5250",
    "name": "Computer And Internet",
    "account_group": 66,
    "system_account": 2,
    "increase_balance": "D",
    "address_id": null,
    "lft": 1,
    "rght": 2,
    "tree_id": 142,
    "level": 0
  }
},
{
  "model": "books.account",
  "pk": 143,
  "fields": {
    "parent": null,
    "code": "5260",
    "name": "Software",
    "account_group": 66,
    "system_account": 2,
    "increase_balance": "D",
    "address_id": null,
    "lft": 1,
    "rght": 2,
    "tree_id": 143,
    "level": 0
  }
},
{
  "model": "books.account",
  "pk": 144,
  "fields": {
    "parent": null,
    "code": "5270",
    "name": "Website",
    "account_group": 66,
    "system_account": 2,
    "increase_balance": "D",
    "address_id": null,
    "lft": 1,
    "rght": 2,
    "tree_id": 144,
    "level": 0
  }
},
{
  "model": "books.account",
  "pk": 145,
  "fields": {
    "parent": null,
    "code": "5280",
    "name": "Rent",
    "account_group": 66,
    "system_account": 2,
    "increase_balance": "D",
    "address_id": null,
    "lft": 1,
    "rght": 2,
    "tree_id": 145,
    "level": 0
  }
},
{
  "model": "books.account",
  "pk": 146,
  "fields": {
    "parent": null,
    "code": "5290",
    "name": "Property Taxes",
    "account_group": 66,
    "system_account": 2,
    "increase_balance": "D",
    "address_id": null,
    "lft": 1,
    "rght": 2,
    "tree_id": 146,
    "level": 0
  }
},
{
  "model": "books.account",
  "pk": 147,
  "fields": {
    "parent": null,
    "code": "5300",
    "name": "Utilities",
    "account_group": 66,
    "system_account": 2,
    "increase_balance": "D",
    "address_id": null,
    "lft": 1,
    "rght": 2,
    "tree_id": 147,
    "level": 0
  }
},
{
  "model": "books.account",
  "pk": 148,
  "fields": {
    "parent": null,
    "code": "5310",
    "name": "Motor Expenses",
    "account_group": 66,
    "system_account": 2,
    "increase_balance": "D",
    "address_id": null,
    "lft": 1,
    "rght": 2,
    "tree_id": 148,
    "level": 0
  }
},
{
  "model": "books.account",
  "pk": 149,
  "fields": {
    "parent": null,
    "code": "5320",
    "name": "Travelling",
    "account_group": 66,
    "system_account": 2,
    "increase_balance": "D",
    "address_id": null,
    "lft": 1,
    "rght": 2,
    "tree_id": 149,
    "level": 0
  }
},
{
  "model": "books.account",
  "pk": 150,
  "fields": {
    "parent": null,
    "code": "5330",
    "name": "Hotels",
    "account_group": 66,
    "system_account": 2,
    "increase_balance": "D",
    "address_id": null,
    "lft": 1,
    "rght": 2,
    "tree_id": 150,
    "level": 0
  }
},
{
  "model": "books.account",
  "pk": 151,
  "fields": {
    "parent": null,
    "code": "5340",
    "name": "Meals And Entertainment",
    "account_group": 66,
    "system_account": 2,
    "increase_balance": "D",
    "address_id": null,
    "lft": 1,
    "rght": 2,
    "tree_id": 151,
    "level": 0
  }
},
{
  "model": "books.account",
  "pk": 152,
  "fields": {
    "parent": null,
    "code": "5350",
    "name": "Printing",
    "account_group": 66,
    "system_account": 2,
    "increase_balance": "D",
    "address_id": null,
    "lft": 1,
    "rght": 2,
    "tree_id": 152,
    "level": 0
  }
},
{
  "model": "books.account",
  "pk": 153,
  "fields": {
    "parent": null,
    "code": "5360",
    "name": "Postage & Carriage",
    "account_group": 66,
    "system_account": 2,
    "increase_balance": "D",
    "address_id": null,
    "lft": 1,
    "rght": 2,
    "tree_id": 153,
    "level": 0
  }
},
{
  "model": "books.account",
  "pk": 154,
  "fields": {
    "parent": null,
    "code": "5370",
    "name": "Telephone",
    "account_group": 66,
    "system_account": 2,
    "increase_balance": "D",
    "address_id": null,
    "lft": 1,
    "rght": 2,
    "tree_id": 154,
    "level": 0
  }
},
{
  "model": "books.account",
  "pk": 155,
  "fields": {
    "parent": null,
    "code": "5380",
    "name": "Office Supplies",
    "account_group": 66,
    "system_account": 2,
    "increase_balance": "D",
    "address_id": null,
    "lft": 1,
    "rght": 2,
    "tree_id": 155,
    "level": 0
  }
},
{
  "model": "books.account",
  "pk": 156,
  "fields": {
    "parent": null,
    "code": "5390",
    "name": "Professional Fees",
    "account_group": 66,
    "system_account": 2,
    "increase_balance": "D",
    "address_id": null,
    "lft": 1,
    "rght": 2,
    "tree_id": 156,
    "level": 0
  }
},
{
  "model": "books.account",
  "pk": 157,
  "fields": {
    "parent": null,
    "code": "5400",
    "name": "Equipment Hire",
    "account_group": 66,
    "system_account": 2,
    "increase_balance": "D",
    "address_id": null,
    "lft": 1,
    "rght": 2,
    "tree_id": 157,
    "level": 0
  }
},
{
  "model": "books.account",
  "pk": 158,
  "fields": {
    "parent": null,
    "code": "5410",
    "name": "Repairs & Maintenance",
    "account_group": 66,
    "system_account": 2,
    "increase_balance": "D",
    "address_id": null,
    "lft": 1,
    "rght": 2,
    "tree_id": 158,
    "level": 0
  }
},
{
  "model": "books.account",
  "pk": 159,
  "fields": {
    "parent": null,
    "code": "5420",
    "name": "Cleaning Supplies",
    "account_group": 66,
    "system_account": 2,
    "increase_balance": "D",
    "address_id": null,
    "lft": 1,
    "rght": 2,
    "tree_id": 159,
    "level": 0
  }
},
{
  "model": "books.account",
  "pk": 160,
  "fields": {
    "parent": null,
    "code": "5430",
    "name": "Bad Debt Expense",
    "account_group": 66,
    "system_account": 2,
    "increase_balance": "D",
    "address_id": null,
    "lft": 1,
    "rght": 2,
    "tree_id": 160,
    "level": 0
  }
},
{
  "model": "books.account",
  "pk": 161,
  "fields": {
    "parent": null,
    "code": "5440",
    "name": "Dues And Membership Fees",
    "account_group": 66,
    "system_account": 2,
    "increase_balance": "D",
    "address_id": null,
    "lft": 1,
    "rght": 2,
    "tree_id": 161,
    "level": 0
  }
},
{
  "model": "books.account",
  "pk": 162,
  "fields": {
    "parent": null,
    "code": "5460",
    "name": "Insurance",
    "account_group": 66,
    "system_account": 2,
    "increase_balance": "D",
    "address_id": null,
    "lft": 1,
    "rght": 2,
    "tree_id": 162,
    "level": 0
  }
},
{
  "model": "books.account",
  "pk": 163,
  "fields": {
    "parent": null,
    "code": "5470",
    "name": "Security",
    "account_group": 66,
    "system_account": 2,
    "increase_balance": "D",
    "address_id": null,
    "lft": 1,
    "rght": 2,
    "tree_id": 163,
    "level": 0
  }
},
{
  "model": "books.account",
  "pk": 164,
  "fields": {
    "parent": null,
    "code": "5480",
    "name": "Suspense Account",
    "account_group": 66,
    "system_account": 2,
    "increase_balance": "D",
    "address_id": null,
    "lft": 1,
    "rght": 2,
    "tree_id": 164,
    "level": 0
  }
},
{
  "model": "books.account",
  "pk": 165,
  "fields": {
    "parent": null,
    "code": "5600",
    "name": "Depreciation",
    "account_group": 67,
    "system_account": 2,
    "increase_balance": "D",
    "address_id": null,
    "lft": 1,
    "rght": 2,
    "tree_id": 165,
    "level": 0
  }
},
{
  "model": "books.account",
  "pk": 166,
  "fields": {
    "parent": null,
    "code": "5800",
    "name": "Interest Expense",
    "account_group": 68,
    "system_account": 2,
    "increase_balance": "D",
    "address_id": null,
    "lft": 1,
    "rght": 2,
    "tree_id": 166,
    "level": 0
  }
},
{
  "model": "books.account",
  "pk": 167,
  "fields": {
    "parent": null,
    "code": "5810",
    "name": "Bank Fees",
    "account_group": 68,
    "system_account": 2,
    "increase_balance": "D",
    "address_id": null,
    "lft": 1,
    "rght": 2,
    "tree_id": 167,
    "level": 0
  }
},
{
  "model": "books.account",
  "pk": 168,
  "fields": {
    "parent": null,
    "code": "4200",
    "name": "Interest Income",
    "account_group": 69,
    "system_account": 2,
    "increase_balance": "C",
    "address_id": null,
    "lft": 1,
    "rght": 2,
    "tree_id": 168,
    "level": 0
  }
},
{
  "model": "books.account",
  "pk": 169,
  "fields": {
    "parent": null,
    "code": "4210",
    "name": "Rent Income",
    "account_group": 69,
    "system_account": 2,
    "increase_balance": "C",
    "address_id": null,
    "lft": 1,
    "rght": 2,
    "tree_id": 169,
    "level": 0
  }
},
{
  "model": "books.account",
  "pk": 170,
  "fields": {
    "parent": null,
    "code": "5900",
    "name": "Income Tax Expense",
    "account_group": 70,
    "system_account": 2,
    "increase_balance": "D",
    "address_id": null,
    "lft": 1,
    "rght": 2,
    "tree_id": 170,
    "level": 0
  }
},
{
  "model": "books.account",
  "pk": 171,
  "fields": {
    "parent": null,
    "code": "1000",
    "name": "Bank",
    "account_group": 72,
    "system_account": 3,
    "increase_balance": "D",
    "address_id": null,
    "lft": 1,
    "rght": 2,
    "tree_id": 171,
    "level": 0
  }
},
{
  "model": "books.account",
  "pk": 172,
  "fields": {
    "parent": null,
    "code": "1001",
    "name": "Cash",
    "account_group": 72,
    "system_account": 3,
    "increase_balance": "D",
    "address_id": null,
    "lft": 1,
    "rght": 2,
    "tree_id": 172,
    "level": 0
  }
},
{
  "model": "books.account",
  "pk": 173,
  "fields": {
    "parent": null,
    "code": "1002",
    "name": "Ecocash",
    "account_group": 72,
    "system_account": 3,
    "increase_balance": "D",
    "address_id": null,
    "lft": 1,
    "rght": 2,
    "tree_id": 173,
    "level": 0
  }
},
{
  "model": "books.account",
  "pk": 174,
  "fields": {
    "parent": null,
    "code": "1010",
    "name": "Bank Savings",
    "account_group": 72,
    "system_account": 3,
    "increase_balance": "D",
    "address_id": null,
    "lft": 1,
    "rght": 2,
    "tree_id": 174,
    "level": 0
  }
},
{
  "model": "books.account",
  "pk": 175,
  "fields": {
    "parent": null,
    "code": "1030",
    "name": "Petty Cash",
    "account_group": 72,
    "system_account": 3,
    "increase_balance": "D",
    "address_id": null,
    "lft": 1,
    "rght": 2,
    "tree_id": 175,
    "level": 0
  }
},
{
  "model": "books.account",
  "pk": 176,
  "fields": {
    "parent": null,
    "code": "1200",
    "name": "Accounts Receivable",
    "account_group": 73,
    "system_account": 3,
    "increase_balance": "D",
    "address_id": null,
    "lft": 1,
    "rght": 2,
    "tree_id": 176,
    "level": 0
  }
},
{
  "model": "books.account",
  "pk": 177,
  "fields": {
    "parent": null,
    "code": "1210",
    "name": "Allowance For Bad Debts",
    "account_group": 73,
    "system_account": 3,
    "increase_balance": "D",
    "address_id": null,
    "lft": 1,
    "rght": 2,
    "tree_id": 177,
    "level": 0
  }
},
{
  "model": "books.account",
  "pk": 178,
  "fields": {
    "parent": null,
    "code": "1400",
    "name": "Stock/Inventory",
    "account_group": 74,
    "system_account": 3,
    "increase_balance": "D",
    "address_id": null,
    "lft": 1,
    "rght": 2,
    "tree_id": 178,
    "level": 0
  }
},
{
  "model": "books.account",
  "pk": 179,
  "fields": {
    "parent": null,
    "code": "1600",
    "name": "Prepayments",
    "account_group": 75,
    "system_account": 3,
    "increase_balance": "D",
    "address_id": null,
    "lft": 1,
    "rght": 2,
    "tree_id": 179,
    "level": 0
  }
},
{
  "model": "books.account",
  "pk": 180,
  "fields": {
    "parent": null,
    "code": "1800",
    "name": "Property",
    "account_group": 77,
    "system_account": 3,
    "increase_balance": "D",
    "address_id": null,
    "lft": 1,
    "rght": 2,
    "tree_id": 180,
    "level": 0
  }
},
{
  "model": "books.account",
  "pk": 181,
  "fields": {
    "parent": null,
    "code": "1810",
    "name": "Property Depreciation",
    "account_group": 77,
    "system_account": 3,
    "increase_balance": "D",
    "address_id": null,
    "lft": 1,
    "rght": 2,
    "tree_id": 181,
    "level": 0
  }
},
{
  "model": "books.account",
  "pk": 182,
  "fields": {
    "parent": null,
    "code": "1820",
    "name": "Plant",
    "account_group": 77,
    "system_account": 3,
    "increase_balance": "D",
    "address_id": null,
    "lft": 1,
    "rght": 2,
    "tree_id": 182,
    "level": 0
  }
},
{
  "model": "books.account",
  "pk": 183,
  "fields": {
    "parent": null,
    "code": "1830",
    "name": "Plant Depreciation",
    "account_group": 77,
    "system_account": 3,
    "increase_balance": "D",
    "address_id": null,
    "lft": 1,
    "rght": 2,
    "tree_id": 183,
    "level": 0
  }
},
{
  "model": "books.account",
  "pk": 184,
  "fields": {
    "parent": null,
    "code": "1840",
    "name": "Equipment",
    "account_group": 77,
    "system_account": 3,
    "increase_balance": "D",
    "address_id": null,
    "lft": 1,
    "rght": 2,
    "tree_id": 184,
    "level": 0
  }
},
{
  "model": "books.account",
  "pk": 185,
  "fields": {
    "parent": null,
    "code": "1850",
    "name": "Equipment Depreciation",
    "account_group": 77,
    "system_account": 3,
    "increase_balance": "D",
    "address_id": null,
    "lft": 1,
    "rght": 2,
    "tree_id": 185,
    "level": 0
  }
},
{
  "model": "books.account",
  "pk": 186,
  "fields": {
    "parent": null,
    "code": "2000",
    "name": "Accounts Payable",
    "account_group": 79,
    "system_account": 3,
    "increase_balance": "C",
    "address_id": null,
    "lft": 1,
    "rght": 2,
    "tree_id": 186,
    "level": 0
  }
},
{
  "model": "books.account",
  "pk": 187,
  "fields": {
    "parent": null,
    "code": "2200",
    "name": "Payroll Payable",
    "account_group": 80,
    "system_account": 3,
    "increase_balance": "C",
    "address_id": null,
    "lft": 1,
    "rght": 2,
    "tree_id": 187,
    "level": 0
  }
},
{
  "model": "books.account",
  "pk": 188,
  "fields": {
    "parent": null,
    "code": "2210",
    "name": "Interest Payable",
    "account_group": 80,
    "system_account": 3,
    "increase_balance": "C",
    "address_id": null,
    "lft": 1,
    "rght": 2,
    "tree_id": 188,
    "level": 0
  }
},
{
  "model": "books.account",
  "pk": 189,
  "fields": {
    "parent": null,
    "code": "2220",
    "name": "Accrued Expenses",
    "account_group": 80,
    "system_account": 3,
    "increase_balance": "C",
    "address_id": null,
    "lft": 1,
    "rght": 2,
    "tree_id": 189,
    "level": 0
  }
},
{
  "model": "books.account",
  "pk": 190,
  "fields": {
    "parent": null,
    "code": "2230",
    "name": "Unearned Revenue",
    "account_group": 80,
    "system_account": 3,
    "increase_balance": "C",
    "address_id": null,
    "lft": 1,
    "rght": 2,
    "tree_id": 190,
    "level": 0
  }
},
{
  "model": "books.account",
  "pk": 191,
  "fields": {
    "parent": null,
    "code": "2240",
    "name": "Sales Tax Payable",
    "account_group": 80,
    "system_account": 3,
    "increase_balance": "C",
    "address_id": null,
    "lft": 1,
    "rght": 2,
    "tree_id": 191,
    "level": 0
  }
},
{
  "model": "books.account",
  "pk": 192,
  "fields": {
    "parent": null,
    "code": "2250",
    "name": "Purchase Tax Payable",
    "account_group": 80,
    "system_account": 3,
    "increase_balance": "C",
    "address_id": null,
    "lft": 1,
    "rght": 2,
    "tree_id": 192,
    "level": 0
  }
},
{
  "model": "books.account",
  "pk": 193,
  "fields": {
    "parent": null,
    "code": "2260",
    "name": "Payroll Tax Payable",
    "account_group": 80,
    "system_account": 3,
    "increase_balance": "C",
    "address_id": null,
    "lft": 1,
    "rght": 2,
    "tree_id": 193,
    "level": 0
  }
},
{
  "model": "books.account",
  "pk": 194,
  "fields": {
    "parent": null,
    "code": "2270",
    "name": "Income Tax Payable",
    "account_group": 80,
    "system_account": 3,
    "increase_balance": "C",
    "address_id": null,
    "lft": 1,
    "rght": 2,
    "tree_id": 194,
    "level": 0
  }
},
{
  "model": "books.account",
  "pk": 195,
  "fields": {
    "parent": null,
    "code": "2400",
    "name": "Mortgage Loan",
    "account_group": 82,
    "system_account": 3,
    "increase_balance": "C",
    "address_id": null,
    "lft": 1,
    "rght": 2,
    "tree_id": 195,
    "level": 0
  }
},
{
  "model": "books.account",
  "pk": 196,
  "fields": {
    "parent": null,
    "code": "2600",
    "name": "Other Loans",
    "account_group": 83,
    "system_account": 3,
    "increase_balance": "C",
    "address_id": null,
    "lft": 1,
    "rght": 2,
    "tree_id": 196,
    "level": 0
  }
},
{
  "model": "books.account",
  "pk": 197,
  "fields": {
    "parent": null,
    "code": "3000",
    "name": "Owners Contributions",
    "account_group": 85,
    "system_account": 3,
    "increase_balance": "C",
    "address_id": null,
    "lft": 1,
    "rght": 2,
    "tree_id": 197,
    "level": 0
  }
},
{
  "model": "books.account",
  "pk": 198,
  "fields": {
    "parent": null,
    "code": "3010",
    "name": "Owners Draw",
    "account_group": 85,
    "system_account": 3,
    "increase_balance": "C",
    "address_id": null,
    "lft": 1,
    "rght": 2,
    "tree_id": 198,
    "level": 0
  }
},
{
  "model": "books.account",
  "pk": 199,
  "fields": {
    "parent": null,
    "code": "3020",
    "name": "Retained Earnings",
    "account_group": 86,
    "system_account": 3,
    "increase_balance": "C",
    "address_id": null,
    "lft": 1,
    "rght": 2,
    "tree_id": 199,
    "level": 0
  }
},
{
  "model": "books.account",
  "pk": 200,
  "fields": {
    "parent": null,
    "code": "4000",
    "name": "Retail Sales",
    "account_group": 88,
    "system_account": 3,
    "increase_balance": "C",
    "address_id": null,
    "lft": 1,
    "rght": 2,
    "tree_id": 200,
    "level": 0
  }
},
{
  "model": "books.account",
  "pk": 201,
  "fields": {
    "parent": null,
    "code": "4010",
    "name": "Services",
    "account_group": 88,
    "system_account": 3,
    "increase_balance": "C",
    "address_id": null,
    "lft": 1,
    "rght": 2,
    "tree_id": 201,
    "level": 0
  }
},
{
  "model": "books.account",
  "pk": 202,
  "fields": {
    "parent": null,
    "code": "4020",
    "name": "Discounts Allowed",
    "account_group": 88,
    "system_account": 3,
    "increase_balance": "C",
    "address_id": null,
    "lft": 1,
    "rght": 2,
    "tree_id": 202,
    "level": 0
  }
},
{
  "model": "books.account",
  "pk": 203,
  "fields": {
    "parent": null,
    "code": "4400",
    "name": "Purchases",
    "account_group": 89,
    "system_account": 3,
    "increase_balance": "D",
    "address_id": null,
    "lft": 1,
    "rght": 2,
    "tree_id": 203,
    "level": 0
  }
},
{
  "model": "books.account",
  "pk": 204,
  "fields": {
    "parent": null,
    "code": "4410",
    "name": "Packaging",
    "account_group": 89,
    "system_account": 3,
    "increase_balance": "D",
    "address_id": null,
    "lft": 1,
    "rght": 2,
    "tree_id": 204,
    "level": 0
  }
},
{
  "model": "books.account",
  "pk": 205,
  "fields": {
    "parent": null,
    "code": "4420",
    "name": "Discounts Taken",
    "account_group": 89,
    "system_account": 3,
    "increase_balance": "D",
    "address_id": null,
    "lft": 1,
    "rght": 2,
    "tree_id": 205,
    "level": 0
  }
},
{
  "model": "books.account",
  "pk": 206,
  "fields": {
    "parent": null,
    "code": "4430",
    "name": "Shipping Costs",
    "account_group": 89,
    "system_account": 3,
    "increase_balance": "D",
    "address_id": null,
    "lft": 1,
    "rght": 2,
    "tree_id": 206,
    "level": 0
  }
},
{
  "model": "books.account",
  "pk": 207,
  "fields": {
    "parent": null,
    "code": "4440",
    "name": "Import Duty",
    "account_group": 89,
    "system_account": 3,
    "increase_balance": "D",
    "address_id": null,
    "lft": 1,
    "rght": 2,
    "tree_id": 207,
    "level": 0
  }
},
{
  "model": "books.account",
  "pk": 208,
  "fields": {
    "parent": null,
    "code": "4450",
    "name": "Opening Stock/Inventory",
    "account_group": 89,
    "system_account": 3,
    "increase_balance": "D",
    "address_id": null,
    "lft": 1,
    "rght": 2,
    "tree_id": 208,
    "level": 0
  }
},
{
  "model": "books.account",
  "pk": 209,
  "fields": {
    "parent": null,
    "code": "4460",
    "name": "Closing Stock/Inventory",
    "account_group": 89,
    "system_account": 3,
    "increase_balance": "D",
    "address_id": null,
    "lft": 1,
    "rght": 2,
    "tree_id": 209,
    "level": 0
  }
},
{
  "model": "books.account",
  "pk": 210,
  "fields": {
    "parent": null,
    "code": "4470",
    "name": "Direct Labour",
    "account_group": 97,
    "system_account": 3,
    "increase_balance": "D",
    "address_id": null,
    "lft": 1,
    "rght": 2,
    "tree_id": 210,
    "level": 0
  }
},
{
  "model": "books.account",
  "pk": 211,
  "fields": {
    "parent": null,
    "code": "4480",
    "name": "Manufacturing",
    "account_group": 97,
    "system_account": 3,
    "increase_balance": "D",
    "address_id": null,
    "lft": 1,
    "rght": 2,
    "tree_id": 211,
    "level": 0
  }
},
{
  "model": "books.account",
  "pk": 212,
  "fields": {
    "parent": null,
    "code": "4490",
    "name": "Direct Materials",
    "account_group": 97,
    "system_account": 3,
    "increase_balance": "D",
    "address_id": null,
    "lft": 1,
    "rght": 2,
    "tree_id": 212,
    "level": 0
  }
},
{
  "model": "books.account",
  "pk": 213,
  "fields": {
    "parent": null,
    "code": "4500",
    "name": "Direct Expenses",
    "account_group": 97,
    "system_account": 3,
    "increase_balance": "D",
    "address_id": null,
    "lft": 1,
    "rght": 2,
    "tree_id": 213,
    "level": 0
  }
},
{
  "model": "books.account",
  "pk": 214,
  "fields": {
    "parent": null,
    "code": "4510",
    "name": "Indirect Manufacturing Costs",
    "account_group": 97,
    "system_account": 3,
    "increase_balance": "D",
    "address_id": null,
    "lft": 1,
    "rght": 2,
    "tree_id": 214,
    "level": 0
  }
},
{
  "model": "books.account",
  "pk": 215,
  "fields": {
    "parent": null,
    "code": "4520",
    "name": "Indirect Labour",
    "account_group": 97,
    "system_account": 3,
    "increase_balance": "D",
    "address_id": null,
    "lft": 1,
    "rght": 2,
    "tree_id": 215,
    "level": 0
  }
},
{
  "model": "books.account",
  "pk": 216,
  "fields": {
    "parent": null,
    "code": "4800",
    "name": "Research And Development",
    "account_group": 99,
    "system_account": 3,
    "increase_balance": "D",
    "address_id": null,
    "lft": 1,
    "rght": 2,
    "tree_id": 216,
    "level": 0
  }
},
{
  "model": "books.account",
  "pk": 217,
  "fields": {
    "parent": null,
    "code": "5000",
    "name": "Sales Commissions",
    "account_group": 100,
    "system_account": 3,
    "increase_balance": "D",
    "address_id": null,
    "lft": 1,
    "rght": 2,
    "tree_id": 217,
    "level": 0
  }
},
{
  "model": "books.account",
  "pk": 218,
  "fields": {
    "parent": null,
    "code": "5010",
    "name": "Sales Promotion",
    "account_group": 100,
    "system_account": 3,
    "increase_balance": "D",
    "address_id": null,
    "lft": 1,
    "rght": 2,
    "tree_id": 218,
    "level": 0
  }
},
{
  "model": "books.account",
  "pk": 219,
  "fields": {
    "parent": null,
    "code": "5020",
    "name": "Advertising",
    "account_group": 100,
    "system_account": 3,
    "increase_balance": "D",
    "address_id": null,
    "lft": 1,
    "rght": 2,
    "tree_id": 219,
    "level": 0
  }
},
{
  "model": "books.account",
  "pk": 220,
  "fields": {
    "parent": null,
    "code": "5030",
    "name": "Gifts & Samples",
    "account_group": 100,
    "system_account": 3,
    "increase_balance": "D",
    "address_id": null,
    "lft": 1,
    "rght": 2,
    "tree_id": 220,
    "level": 0
  }
},
{
  "model": "books.account",
  "pk": 221,
  "fields": {
    "parent": null,
    "code": "5040",
    "name": "Marketing Expenses",
    "account_group": 100,
    "system_account": 3,
    "increase_balance": "D",
    "address_id": null,
    "lft": 1,
    "rght": 2,
    "tree_id": 221,
    "level": 0
  }
},
{
  "model": "books.account",
  "pk": 222,
  "fields": {
    "parent": null,
    "code": "5200",
    "name": "Payroll",
    "account_group": 101,
    "system_account": 3,
    "increase_balance": "D",
    "address_id": null,
    "lft": 1,
    "rght": 2,
    "tree_id": 222,
    "level": 0
  }
},
{
  "model": "books.account",
  "pk": 223,
  "fields": {
    "parent": null,
    "code": "5210",
    "name": "Contract Labor",
    "account_group": 101,
    "system_account": 3,
    "increase_balance": "D",
    "address_id": null,
    "lft": 1,
    "rght": 2,
    "tree_id": 223,
    "level": 0
  }
},
{
  "model": "books.account",
  "pk": 224,
  "fields": {
    "parent": null,
    "code": "5220",
    "name": "Payroll Expenses",
    "account_group": 101,
    "system_account": 3,
    "increase_balance": "D",
    "address_id": null,
    "lft": 1,
    "rght": 2,
    "tree_id": 224,
    "level": 0
  }
},
{
  "model": "books.account",
  "pk": 225,
  "fields": {
    "parent": null,
    "code": "5230",
    "name": "Payroll Benefits",
    "account_group": 101,
    "system_account": 3,
    "increase_balance": "D",
    "address_id": null,
    "lft": 1,
    "rght": 2,
    "tree_id": 225,
    "level": 0
  }
},
{
  "model": "books.account",
  "pk": 226,
  "fields": {
    "parent": null,
    "code": "5240",
    "name": "Payroll Taxes",
    "account_group": 101,
    "system_account": 3,
    "increase_balance": "D",
    "address_id": null,
    "lft": 1,
    "rght": 2,
    "tree_id": 226,
    "level": 0
  }
},
{
  "model": "books.account",
  "pk": 227,
  "fields": {
    "parent": null,
    "code": "5250",
    "name": "Computer And Internet",
    "account_group": 101,
    "system_account": 3,
    "increase_balance": "D",
    "address_id": null,
    "lft": 1,
    "rght": 2,
    "tree_id": 227,
    "level": 0
  }
},
{
  "model": "books.account",
  "pk": 228,
  "fields": {
    "parent": null,
    "code": "5260",
    "name": "Software",
    "account_group": 101,
    "system_account": 3,
    "increase_balance": "D",
    "address_id": null,
    "lft": 1,
    "rght": 2,
    "tree_id": 228,
    "level": 0
  }
},
{
  "model": "books.account",
  "pk": 229,
  "fields": {
    "parent": null,
    "code": "5270",
    "name": "Website",
    "account_group": 101,
    "system_account": 3,
    "increase_balance": "D",
    "address_id": null,
    "lft": 1,
    "rght": 2,
    "tree_id": 229,
    "level": 0
  }
},
{
  "model": "books.account",
  "pk": 230,
  "fields": {
    "parent": null,
    "code": "5280",
    "name": "Rent",
    "account_group": 101,
    "system_account": 3,
    "increase_balance": "D",
    "address_id": null,
    "lft": 1,
    "rght": 2,
    "tree_id": 230,
    "level": 0
  }
},
{
  "model": "books.account",
  "pk": 231,
  "fields": {
    "parent": null,
    "code": "5290",
    "name": "Property Taxes",
    "account_group": 101,
    "system_account": 3,
    "increase_balance": "D",
    "address_id": null,
    "lft": 1,
    "rght": 2,
    "tree_id": 231,
    "level": 0
  }
},
{
  "model": "books.account",
  "pk": 232,
  "fields": {
    "parent": null,
    "code": "5300",
    "name": "Utilities",
    "account_group": 101,
    "system_account": 3,
    "increase_balance": "D",
    "address_id": null,
    "lft": 1,
    "rght": 2,
    "tree_id": 232,
    "level": 0
  }
},
{
  "model": "books.account",
  "pk": 233,
  "fields": {
    "parent": null,
    "code": "5310",
    "name": "Motor Expenses",
    "account_group": 101,
    "system_account": 3,
    "increase_balance": "D",
    "address_id": null,
    "lft": 1,
    "rght": 2,
    "tree_id": 233,
    "level": 0
  }
},
{
  "model": "books.account",
  "pk": 234,
  "fields": {
    "parent": null,
    "code": "5320",
    "name": "Travelling",
    "account_group": 101,
    "system_account": 3,
    "increase_balance": "D",
    "address_id": null,
    "lft": 1,
    "rght": 2,
    "tree_id": 234,
    "level": 0
  }
},
{
  "model": "books.account",
  "pk": 235,
  "fields": {
    "parent": null,
    "code": "5330",
    "name": "Hotels",
    "account_group": 101,
    "system_account": 3,
    "increase_balance": "D",
    "address_id": null,
    "lft": 1,
    "rght": 2,
    "tree_id": 235,
    "level": 0
  }
},
{
  "model": "books.account",
  "pk": 236,
  "fields": {
    "parent": null,
    "code": "5340",
    "name": "Meals And Entertainment",
    "account_group": 101,
    "system_account": 3,
    "increase_balance": "D",
    "address_id": null,
    "lft": 1,
    "rght": 2,
    "tree_id": 236,
    "level": 0
  }
},
{
  "model": "books.account",
  "pk": 237,
  "fields": {
    "parent": null,
    "code": "5350",
    "name": "Printing",
    "account_group": 101,
    "system_account": 3,
    "increase_balance": "D",
    "address_id": null,
    "lft": 1,
    "rght": 2,
    "tree_id": 237,
    "level": 0
  }
},
{
  "model": "books.account",
  "pk": 238,
  "fields": {
    "parent": null,
    "code": "5360",
    "name": "Postage & Carriage",
    "account_group": 101,
    "system_account": 3,
    "increase_balance": "D",
    "address_id": null,
    "lft": 1,
    "rght": 2,
    "tree_id": 238,
    "level": 0
  }
},
{
  "model": "books.account",
  "pk": 239,
  "fields": {
    "parent": null,
    "code": "5370",
    "name": "Telephone",
    "account_group": 101,
    "system_account": 3,
    "increase_balance": "D",
    "address_id": null,
    "lft": 1,
    "rght": 2,
    "tree_id": 239,
    "level": 0
  }
},
{
  "model": "books.account",
  "pk": 240,
  "fields": {
    "parent": null,
    "code": "5380",
    "name": "Office Supplies",
    "account_group": 101,
    "system_account": 3,
    "increase_balance": "D",
    "address_id": null,
    "lft": 1,
    "rght": 2,
    "tree_id": 240,
    "level": 0
  }
},
{
  "model": "books.account",
  "pk": 241,
  "fields": {
    "parent": null,
    "code": "5390",
    "name": "Professional Fees",
    "account_group": 101,
    "system_account": 3,
    "increase_balance": "D",
    "address_id": null,
    "lft": 1,
    "rght": 2,
    "tree_id": 241,
    "level": 0
  }
},
{
  "model": "books.account",
  "pk": 242,
  "fields": {
    "parent": null,
    "code": "5400",
    "name": "Equipment Hire",
    "account_group": 101,
    "system_account": 3,
    "increase_balance": "D",
    "address_id": null,
    "lft": 1,
    "rght": 2,
    "tree_id": 242,
    "level": 0
  }
},
{
  "model": "books.account",
  "pk": 243,
  "fields": {
    "parent": null,
    "code": "5410",
    "name": "Repairs & Maintenance",
    "account_group": 101,
    "system_account": 3,
    "increase_balance": "D",
    "address_id": null,
    "lft": 1,
    "rght": 2,
    "tree_id": 243,
    "level": 0
  }
},
{
  "model": "books.account",
  "pk": 244,
  "fields": {
    "parent": null,
    "code": "5420",
    "name": "Cleaning Supplies",
    "account_group": 101,
    "system_account": 3,
    "increase_balance": "D",
    "address_id": null,
    "lft": 1,
    "rght": 2,
    "tree_id": 244,
    "level": 0
  }
},
{
  "model": "books.account",
  "pk": 245,
  "fields": {
    "parent": null,
    "code": "5430",
    "name": "Bad Debt Expense",
    "account_group": 101,
    "system_account": 3,
    "increase_balance": "D",
    "address_id": null,
    "lft": 1,
    "rght": 2,
    "tree_id": 245,
    "level": 0
  }
},
{
  "model": "books.account",
  "pk": 246,
  "fields": {
    "parent": null,
    "code": "5440",
    "name": "Dues And Membership Fees",
    "account_group": 101,
    "system_account": 3,
    "increase_balance": "D",
    "address_id": null,
    "lft": 1,
    "rght": 2,
    "tree_id": 246,
    "level": 0
  }
},
{
  "model": "books.account",
  "pk": 247,
  "fields": {
    "parent": null,
    "code": "5460",
    "name": "Insurance",
    "account_group": 101,
    "system_account": 3,
    "increase_balance": "D",
    "address_id": null,
    "lft": 1,
    "rght": 2,
    "tree_id": 247,
    "level": 0
  }
},
{
  "model": "books.account",
  "pk": 248,
  "fields": {
    "parent": null,
    "code": "5470",
    "name": "Security",
    "account_group": 101,
    "system_account": 3,
    "increase_balance": "D",
    "address_id": null,
    "lft": 1,
    "rght": 2,
    "tree_id": 248,
    "level": 0
  }
},
{
  "model": "books.account",
  "pk": 249,
  "fields": {
    "parent": null,
    "code": "5480",
    "name": "Suspense Account",
    "account_group": 101,
    "system_account": 3,
    "increase_balance": "D",
    "address_id": null,
    "lft": 1,
    "rght": 2,
    "tree_id": 249,
    "level": 0
  }
},
{
  "model": "books.account",
  "pk": 250,
  "fields": {
    "parent": null,
    "code": "5600",
    "name": "Depreciation",
    "account_group": 102,
    "system_account": 3,
    "increase_balance": "D",
    "address_id": null,
    "lft": 1,
    "rght": 2,
    "tree_id": 250,
    "level": 0
  }
},
{
  "model": "books.account",
  "pk": 251,
  "fields": {
    "parent": null,
    "code": "5800",
    "name": "Interest Expense",
    "account_group": 103,
    "system_account": 3,
    "increase_balance": "D",
    "address_id": null,
    "lft": 1,
    "rght": 2,
    "tree_id": 251,
    "level": 0
  }
},
{
  "model": "books.account",
  "pk": 252,
  "fields": {
    "parent": null,
    "code": "5810",
    "name": "Bank Fees",
    "account_group": 103,
    "system_account": 3,
    "increase_balance": "D",
    "address_id": null,
    "lft": 1,
    "rght": 2,
    "tree_id": 252,
    "level": 0
  }
},
{
  "model": "books.account",
  "pk": 253,
  "fields": {
    "parent": null,
    "code": "4200",
    "name": "Interest Income",
    "account_group": 104,
    "system_account": 3,
    "increase_balance": "C",
    "address_id": null,
    "lft": 1,
    "rght": 2,
    "tree_id": 253,
    "level": 0
  }
},
{
  "model": "books.account",
  "pk": 254,
  "fields": {
    "parent": null,
    "code": "4210",
    "name": "Rent Income",
    "account_group": 104,
    "system_account": 3,
    "increase_balance": "C",
    "address_id": null,
    "lft": 1,
    "rght": 2,
    "tree_id": 254,
    "level": 0
  }
},
{
  "model": "books.account",
  "pk": 255,
  "fields": {
    "parent": null,
    "code": "5900",
    "name": "Income Tax Expense",
    "account_group": 105,
    "system_account": 3,
    "increase_balance": "D",
    "address_id": null,
    "lft": 1,
    "rght": 2,
    "tree_id": 255,
    "level": 0
  }
},
{
  "model": "books.transactiondefinition",
  "pk": 1,
  "fields": {
    "description": "Cash Sale",
    "debit_account": 87,
    "credit_account": 115,
    "system_account": 2,
    "short_code": "c"
  }
},
{
  "model": "books.transactiondefinition",
  "pk": 2,
  "fields": {
    "description": "Ecocash Sale",
    "debit_account": 88,
    "credit_account": 115,
    "system_account": 2,
    "short_code": "ec"
  }
},
{
  "model": "books.transactiondefinition",
  "pk": 3,
  "fields": {
    "description": "Debit Card/EFT Sale",
    "debit_account": 86,
    "credit_account": 115,
    "system_account": 2,
    "short_code": "b"
  }
},
{
  "model": "books.transactiondefinition",
  "pk": 4,
  "fields": {
    "description": "Credit Sale",
    "debit_account": 91,
    "credit_account": 115,
    "system_account": 2,
    "short_code": "cr"
  }
},
{
  "model": "books.transactiondefinition",
  "pk": 5,
  "fields": {
    "description": "Receipt of Payment (Cash)",
    "debit_account": 87,
    "credit_account": 91,
    "system_account": 2,
    "short_code": "rp-c"
  }
},
{
  "model": "books.transactiondefinition",
  "pk": 6,
  "fields": {
    "description": "Receipt of Payment (EcoCash)",
    "debit_account": 88,
    "credit_account": 91,
    "system_account": 2,
    "short_code": "rp-ec"
  }
},
{
  "model": "books.transactiondefinition",
  "pk": 7,
  "fields": {
    "description": "Receipt of Payment (Card/EFT)",
    "debit_account": 86,
    "credit_account": 91,
    "system_account": 2,
    "short_code": "rp-b"
  }
},
{
  "model": "books.transactiondefinition",
  "pk": 8,
  "fields": {
    "description": "Cash Sale",
    "debit_account": 172,
    "credit_account": 200,
    "system_account": 3,
    "short_code": "c"
  }
},
{
  "model": "books.transactiondefinition",
  "pk": 9,
  "fields": {
    "description": "Ecocash Sale",
    "debit_account": 173,
    "credit_account": 200,
    "system_account": 3,
    "short_code": "ec"
  }
},
{
  "model": "books.transactiondefinition",
  "pk": 10,
  "fields": {
    "description": "Debit Card/EFT Sale",
    "debit_account": 171,
    "credit_account": 200,
    "system_account": 3,
    "short_code": "b"
  }
},
{
  "model": "books.transactiondefinition",
  "pk": 11,
  "fields": {
    "description": "Credit Sale",
    "debit_account": 176,
    "credit_account": 200,
    "system_account": 3,
    "short_code": "cr"
  }
},
{
  "model": "books.transactiondefinition",
  "pk": 12,
  "fields": {
    "description": "Receipt of Payment (Cash)",
    "debit_account": 172,
    "credit_account": 176,
    "system_account": 3,
    "short_code": "rp-c"
  }
},
{
  "model": "books.transactiondefinition",
  "pk": 13,
  "fields": {
    "description": "Receipt of Payment (EcoCash)",
    "debit_account": 173,
    "credit_account": 176,
    "system_account": 3,
    "short_code": "rp-ec"
  }
},
{
  "model": "books.transactiondefinition",
  "pk": 14,
  "fields": {
    "description": "Receipt of Payment (Card/EFT)",
    "debit_account": 171,
    "credit_account": 176,
    "system_account": 3,
    "short_code": "rp-b"
  }
},
{
  "model": "books.transactiondefinition",
  "pk": 15,
  "fields": {
    "description": "Cash Sale",
    "debit_account": 172,
    "credit_account": 200,
    "system_account": 3,
    "short_code": "c"
  }
},
{
  "model": "books.transactiondefinition",
  "pk": 16,
  "fields": {
    "description": "Ecocash Sale",
    "debit_account": 173,
    "credit_account": 200,
    "system_account": 3,
    "short_code": "ec"
  }
},
{
  "model": "books.transactiondefinition",
  "pk": 17,
  "fields": {
    "description": "Debit Card/EFT Sale",
    "debit_account": 171,
    "credit_account": 200,
    "system_account": 3,
    "short_code": "b"
  }
},
{
  "model": "books.transactiondefinition",
  "pk": 18,
  "fields": {
    "description": "Credit Sale",
    "debit_account": 176,
    "credit_account": 200,
    "system_account": 3,
    "short_code": "cr"
  }
},
{
  "model": "books.transactiondefinition",
  "pk": 19,
  "fields": {
    "description": "Receipt of Payment (Cash)",
    "debit_account": 172,
    "credit_account": 176,
    "system_account": 3,
    "short_code": "rp-c"
  }
},
{
  "model": "books.transactiondefinition",
  "pk": 20,
  "fields": {
    "description": "Receipt of Payment (EcoCash)",
    "debit_account": 173,
    "credit_account": 176,
    "system_account": 3,
    "short_code": "rp-ec"
  }
},
{
  "model": "books.transactiondefinition",
  "pk": 21,
  "fields": {
    "description": "Receipt of Payment (Card/EFT)",
    "debit_account": 171,
    "credit_account": 176,
    "system_account": 3,
    "short_code": "rp-b"
  }
},
{
  "model": "books.billingmethod",
  "pk": 1,
  "fields": {
    "description": "Monthly",
    "time": "05:00:00",
    "day_of_month": 1,
    "billing_period": 1,
    "grace_period": 14
  }
},
{
  "model": "books.billingmethod",
  "pk": 2,
  "fields": {
    "description": "Quarterly",
    "time": "05:00:00",
    "day_of_month": 1,
    "billing_period": 3,
    "grace_period": 14
  }
},
{
  "model": "books.billingmethod",
  "pk": 3,
  "fields": {
    "description": "Biannual",
    "time": "05:00:00",
    "day_of_month": 1,
    "billing_period": 6,
    "grace_period": 14
  }
},
{
  "model": "books.billingmethod",
  "pk": 4,
  "fields": {
    "description": "Annual",
    "time": "05:00:00",
    "day_of_month": 1,
    "billing_period": 12,
    "grace_period": 14
  }
},
{
  "model": "auth.permission",
  "pk": 1,
  "fields": {
    "name": "Can add log entry",
    "content_type": [
      "admin",
      "logentry"
    ],
    "codename": "add_logentry"
  }
},
{
  "model": "auth.permission",
  "pk": 2,
  "fields": {
    "name": "Can change log entry",
    "content_type": [
      "admin",
      "logentry"
    ],
    "codename": "change_logentry"
  }
},
{
  "model": "auth.permission",
  "pk": 3,
  "fields": {
    "name": "Can delete log entry",
    "content_type": [
      "admin",
      "logentry"
    ],
    "codename": "delete_logentry"
  }
},
{
  "model": "auth.permission",
  "pk": 4,
  "fields": {
    "name": "Can view log entry",
    "content_type": [
      "admin",
      "logentry"
    ],
    "codename": "view_logentry"
  }
},
{
  "model": "auth.permission",
  "pk": 5,
  "fields": {
    "name": "Can add permission",
    "content_type": [
      "auth",
      "permission"
    ],
    "codename": "add_permission"
  }
},
{
  "model": "auth.permission",
  "pk": 6,
  "fields": {
    "name": "Can change permission",
    "content_type": [
      "auth",
      "permission"
    ],
    "codename": "change_permission"
  }
},
{
  "model": "auth.permission",
  "pk": 7,
  "fields": {
    "name": "Can delete permission",
    "content_type": [
      "auth",
      "permission"
    ],
    "codename": "delete_permission"
  }
},
{
  "model": "auth.permission",
  "pk": 8,
  "fields": {
    "name": "Can view permission",
    "content_type": [
      "auth",
      "permission"
    ],
    "codename": "view_permission"
  }
},
{
  "model": "auth.permission",
  "pk": 9,
  "fields": {
    "name": "Can add group",
    "content_type": [
      "auth",
      "group"
    ],
    "codename": "add_group"
  }
},
{
  "model": "auth.permission",
  "pk": 10,
  "fields": {
    "name": "Can change group",
    "content_type": [
      "auth",
      "group"
    ],
    "codename": "change_group"
  }
},
{
  "model": "auth.permission",
  "pk": 11,
  "fields": {
    "name": "Can delete group",
    "content_type": [
      "auth",
      "group"
    ],
    "codename": "delete_group"
  }
},
{
  "model": "auth.permission",
  "pk": 12,
  "fields": {
    "name": "Can view group",
    "content_type": [
      "auth",
      "group"
    ],
    "codename": "view_group"
  }
},
{
  "model": "auth.permission",
  "pk": 13,
  "fields": {
    "name": "Can add content type",
    "content_type": [
      "contenttypes",
      "contenttype"
    ],
    "codename": "add_contenttype"
  }
},
{
  "model": "auth.permission",
  "pk": 14,
  "fields": {
    "name": "Can change content type",
    "content_type": [
      "contenttypes",
      "contenttype"
    ],
    "codename": "change_contenttype"
  }
},
{
  "model": "auth.permission",
  "pk": 15,
  "fields": {
    "name": "Can delete content type",
    "content_type": [
      "contenttypes",
      "contenttype"
    ],
    "codename": "delete_contenttype"
  }
},
{
  "model": "auth.permission",
  "pk": 16,
  "fields": {
    "name": "Can view content type",
    "content_type": [
      "contenttypes",
      "contenttype"
    ],
    "codename": "view_contenttype"
  }
},
{
  "model": "auth.permission",
  "pk": 17,
  "fields": {
    "name": "Can add session",
    "content_type": [
      "sessions",
      "session"
    ],
    "codename": "add_session"
  }
},
{
  "model": "auth.permission",
  "pk": 18,
  "fields": {
    "name": "Can change session",
    "content_type": [
      "sessions",
      "session"
    ],
    "codename": "change_session"
  }
},
{
  "model": "auth.permission",
  "pk": 19,
  "fields": {
    "name": "Can delete session",
    "content_type": [
      "sessions",
      "session"
    ],
    "codename": "delete_session"
  }
},
{
  "model": "auth.permission",
  "pk": 20,
  "fields": {
    "name": "Can view session",
    "content_type": [
      "sessions",
      "session"
    ],
    "codename": "view_session"
  }
},
{
  "model": "auth.permission",
  "pk": 21,
  "fields": {
    "name": "Can add System User",
    "content_type": [
      "tsuro_auth",
      "systemuser"
    ],
    "codename": "add_systemuser"
  }
},
{
  "model": "auth.permission",
  "pk": 22,
  "fields": {
    "name": "Can change System User",
    "content_type": [
      "tsuro_auth",
      "systemuser"
    ],
    "codename": "change_systemuser"
  }
},
{
  "model": "auth.permission",
  "pk": 23,
  "fields": {
    "name": "Can delete System User",
    "content_type": [
      "tsuro_auth",
      "systemuser"
    ],
    "codename": "delete_systemuser"
  }
},
{
  "model": "auth.permission",
  "pk": 24,
  "fields": {
    "name": "Can view System User",
    "content_type": [
      "tsuro_auth",
      "systemuser"
    ],
    "codename": "view_systemuser"
  }
},
{
  "model": "auth.permission",
  "pk": 25,
  "fields": {
    "name": "Can add Cage Rack",
    "content_type": [
      "tsuro_app",
      "cagerack"
    ],
    "codename": "add_cagerack"
  }
},
{
  "model": "auth.permission",
  "pk": 26,
  "fields": {
    "name": "Can change Cage Rack",
    "content_type": [
      "tsuro_app",
      "cagerack"
    ],
    "codename": "change_cagerack"
  }
},
{
  "model": "auth.permission",
  "pk": 27,
  "fields": {
    "name": "Can delete Cage Rack",
    "content_type": [
      "tsuro_app",
      "cagerack"
    ],
    "codename": "delete_cagerack"
  }
},
{
  "model": "auth.permission",
  "pk": 28,
  "fields": {
    "name": "Can view Cage Rack",
    "content_type": [
      "tsuro_app",
      "cagerack"
    ],
    "codename": "view_cagerack"
  }
},
{
  "model": "auth.permission",
  "pk": 29,
  "fields": {
    "name": "Can add Cause of death",
    "content_type": [
      "tsuro_app",
      "causes"
    ],
    "codename": "add_causes"
  }
},
{
  "model": "auth.permission",
  "pk": 30,
  "fields": {
    "name": "Can change Cause of death",
    "content_type": [
      "tsuro_app",
      "causes"
    ],
    "codename": "change_causes"
  }
},
{
  "model": "auth.permission",
  "pk": 31,
  "fields": {
    "name": "Can delete Cause of death",
    "content_type": [
      "tsuro_app",
      "causes"
    ],
    "codename": "delete_causes"
  }
},
{
  "model": "auth.permission",
  "pk": 32,
  "fields": {
    "name": "Can view Cause of death",
    "content_type": [
      "tsuro_app",
      "causes"
    ],
    "codename": "view_causes"
  }
},
{
  "model": "auth.permission",
  "pk": 33,
  "fields": {
    "name": "Can add doe",
    "content_type": [
      "tsuro_app",
      "doe"
    ],
    "codename": "add_doe"
  }
},
{
  "model": "auth.permission",
  "pk": 34,
  "fields": {
    "name": "Can change doe",
    "content_type": [
      "tsuro_app",
      "doe"
    ],
    "codename": "change_doe"
  }
},
{
  "model": "auth.permission",
  "pk": 35,
  "fields": {
    "name": "Can delete doe",
    "content_type": [
      "tsuro_app",
      "doe"
    ],
    "codename": "delete_doe"
  }
},
{
  "model": "auth.permission",
  "pk": 36,
  "fields": {
    "name": "Can view doe",
    "content_type": [
      "tsuro_app",
      "doe"
    ],
    "codename": "view_doe"
  }
},
{
  "model": "auth.permission",
  "pk": 37,
  "fields": {
    "name": "Can add house",
    "content_type": [
      "tsuro_app",
      "house"
    ],
    "codename": "add_house"
  }
},
{
  "model": "auth.permission",
  "pk": 38,
  "fields": {
    "name": "Can change house",
    "content_type": [
      "tsuro_app",
      "house"
    ],
    "codename": "change_house"
  }
},
{
  "model": "auth.permission",
  "pk": 39,
  "fields": {
    "name": "Can delete house",
    "content_type": [
      "tsuro_app",
      "house"
    ],
    "codename": "delete_house"
  }
},
{
  "model": "auth.permission",
  "pk": 40,
  "fields": {
    "name": "Can view house",
    "content_type": [
      "tsuro_app",
      "house"
    ],
    "codename": "view_house"
  }
},
{
  "model": "auth.permission",
  "pk": 41,
  "fields": {
    "name": "Can add buck",
    "content_type": [
      "tsuro_app",
      "sire"
    ],
    "codename": "add_sire"
  }
},
{
  "model": "auth.permission",
  "pk": 42,
  "fields": {
    "name": "Can change buck",
    "content_type": [
      "tsuro_app",
      "sire"
    ],
    "codename": "change_sire"
  }
},
{
  "model": "auth.permission",
  "pk": 43,
  "fields": {
    "name": "Can delete buck",
    "content_type": [
      "tsuro_app",
      "sire"
    ],
    "codename": "delete_sire"
  }
},
{
  "model": "auth.permission",
  "pk": 44,
  "fields": {
    "name": "Can view buck",
    "content_type": [
      "tsuro_app",
      "sire"
    ],
    "codename": "view_sire"
  }
},
{
  "model": "auth.permission",
  "pk": 45,
  "fields": {
    "name": "Can add weaner group",
    "content_type": [
      "tsuro_app",
      "weanergroup"
    ],
    "codename": "add_weanergroup"
  }
},
{
  "model": "auth.permission",
  "pk": 46,
  "fields": {
    "name": "Can change weaner group",
    "content_type": [
      "tsuro_app",
      "weanergroup"
    ],
    "codename": "change_weanergroup"
  }
},
{
  "model": "auth.permission",
  "pk": 47,
  "fields": {
    "name": "Can delete weaner group",
    "content_type": [
      "tsuro_app",
      "weanergroup"
    ],
    "codename": "delete_weanergroup"
  }
},
{
  "model": "auth.permission",
  "pk": 48,
  "fields": {
    "name": "Can view weaner group",
    "content_type": [
      "tsuro_app",
      "weanergroup"
    ],
    "codename": "view_weanergroup"
  }
},
{
  "model": "auth.permission",
  "pk": 49,
  "fields": {
    "name": "Can add litter",
    "content_type": [
      "tsuro_app",
      "litter"
    ],
    "codename": "add_litter"
  }
},
{
  "model": "auth.permission",
  "pk": 50,
  "fields": {
    "name": "Can change litter",
    "content_type": [
      "tsuro_app",
      "litter"
    ],
    "codename": "change_litter"
  }
},
{
  "model": "auth.permission",
  "pk": 51,
  "fields": {
    "name": "Can delete litter",
    "content_type": [
      "tsuro_app",
      "litter"
    ],
    "codename": "delete_litter"
  }
},
{
  "model": "auth.permission",
  "pk": 52,
  "fields": {
    "name": "Can view litter",
    "content_type": [
      "tsuro_app",
      "litter"
    ],
    "codename": "view_litter"
  }
},
{
  "model": "auth.permission",
  "pk": 53,
  "fields": {
    "name": "Can add media file",
    "content_type": [
      "tsuro_app",
      "mediafile"
    ],
    "codename": "add_mediafile"
  }
},
{
  "model": "auth.permission",
  "pk": 54,
  "fields": {
    "name": "Can change media file",
    "content_type": [
      "tsuro_app",
      "mediafile"
    ],
    "codename": "change_mediafile"
  }
},
{
  "model": "auth.permission",
  "pk": 55,
  "fields": {
    "name": "Can delete media file",
    "content_type": [
      "tsuro_app",
      "mediafile"
    ],
    "codename": "delete_mediafile"
  }
},
{
  "model": "auth.permission",
  "pk": 56,
  "fields": {
    "name": "Can view media file",
    "content_type": [
      "tsuro_app",
      "mediafile"
    ],
    "codename": "view_mediafile"
  }
},
{
  "model": "auth.permission",
  "pk": 57,
  "fields": {
    "name": "Can add weighing",
    "content_type": [
      "tsuro_app",
      "weighing"
    ],
    "codename": "add_weighing"
  }
},
{
  "model": "auth.permission",
  "pk": 58,
  "fields": {
    "name": "Can change weighing",
    "content_type": [
      "tsuro_app",
      "weighing"
    ],
    "codename": "change_weighing"
  }
},
{
  "model": "auth.permission",
  "pk": 59,
  "fields": {
    "name": "Can delete weighing",
    "content_type": [
      "tsuro_app",
      "weighing"
    ],
    "codename": "delete_weighing"
  }
},
{
  "model": "auth.permission",
  "pk": 60,
  "fields": {
    "name": "Can view weighing",
    "content_type": [
      "tsuro_app",
      "weighing"
    ],
    "codename": "view_weighing"
  }
},
{
  "model": "auth.permission",
  "pk": 61,
  "fields": {
    "name": "Can add birth",
    "content_type": [
      "tsuro_app",
      "birth"
    ],
    "codename": "add_birth"
  }
},
{
  "model": "auth.permission",
  "pk": 62,
  "fields": {
    "name": "Can change birth",
    "content_type": [
      "tsuro_app",
      "birth"
    ],
    "codename": "change_birth"
  }
},
{
  "model": "auth.permission",
  "pk": 63,
  "fields": {
    "name": "Can delete birth",
    "content_type": [
      "tsuro_app",
      "birth"
    ],
    "codename": "delete_birth"
  }
},
{
  "model": "auth.permission",
  "pk": 64,
  "fields": {
    "name": "Can view birth",
    "content_type": [
      "tsuro_app",
      "birth"
    ],
    "codename": "view_birth"
  }
},
{
  "model": "auth.permission",
  "pk": 65,
  "fields": {
    "name": "Can add weaning event",
    "content_type": [
      "tsuro_app",
      "weaningevent"
    ],
    "codename": "add_weaningevent"
  }
},
{
  "model": "auth.permission",
  "pk": 66,
  "fields": {
    "name": "Can change weaning event",
    "content_type": [
      "tsuro_app",
      "weaningevent"
    ],
    "codename": "change_weaningevent"
  }
},
{
  "model": "auth.permission",
  "pk": 67,
  "fields": {
    "name": "Can delete weaning event",
    "content_type": [
      "tsuro_app",
      "weaningevent"
    ],
    "codename": "delete_weaningevent"
  }
},
{
  "model": "auth.permission",
  "pk": 68,
  "fields": {
    "name": "Can view weaning event",
    "content_type": [
      "tsuro_app",
      "weaningevent"
    ],
    "codename": "view_weaningevent"
  }
},
{
  "model": "auth.permission",
  "pk": 69,
  "fields": {
    "name": "Can add user settings",
    "content_type": [
      "tsuro_app",
      "usersettings"
    ],
    "codename": "add_usersettings"
  }
},
{
  "model": "auth.permission",
  "pk": 70,
  "fields": {
    "name": "Can change user settings",
    "content_type": [
      "tsuro_app",
      "usersettings"
    ],
    "codename": "change_usersettings"
  }
},
{
  "model": "auth.permission",
  "pk": 71,
  "fields": {
    "name": "Can delete user settings",
    "content_type": [
      "tsuro_app",
      "usersettings"
    ],
    "codename": "delete_usersettings"
  }
},
{
  "model": "auth.permission",
  "pk": 72,
  "fields": {
    "name": "Can view user settings",
    "content_type": [
      "tsuro_app",
      "usersettings"
    ],
    "codename": "view_usersettings"
  }
},
{
  "model": "auth.permission",
  "pk": 73,
  "fields": {
    "name": "Can add kit",
    "content_type": [
      "tsuro_app",
      "kit"
    ],
    "codename": "add_kit"
  }
},
{
  "model": "auth.permission",
  "pk": 74,
  "fields": {
    "name": "Can change kit",
    "content_type": [
      "tsuro_app",
      "kit"
    ],
    "codename": "change_kit"
  }
},
{
  "model": "auth.permission",
  "pk": 75,
  "fields": {
    "name": "Can delete kit",
    "content_type": [
      "tsuro_app",
      "kit"
    ],
    "codename": "delete_kit"
  }
},
{
  "model": "auth.permission",
  "pk": 76,
  "fields": {
    "name": "Can view kit",
    "content_type": [
      "tsuro_app",
      "kit"
    ],
    "codename": "view_kit"
  }
},
{
  "model": "auth.permission",
  "pk": 77,
  "fields": {
    "name": "Can add article",
    "content_type": [
      "tsuro_app",
      "article"
    ],
    "codename": "add_article"
  }
},
{
  "model": "auth.permission",
  "pk": 78,
  "fields": {
    "name": "Can change article",
    "content_type": [
      "tsuro_app",
      "article"
    ],
    "codename": "change_article"
  }
},
{
  "model": "auth.permission",
  "pk": 79,
  "fields": {
    "name": "Can delete article",
    "content_type": [
      "tsuro_app",
      "article"
    ],
    "codename": "delete_article"
  }
},
{
  "model": "auth.permission",
  "pk": 80,
  "fields": {
    "name": "Can view article",
    "content_type": [
      "tsuro_app",
      "article"
    ],
    "codename": "view_article"
  }
},
{
  "model": "auth.permission",
  "pk": 81,
  "fields": {
    "name": "Can add author",
    "content_type": [
      "tsuro_app",
      "author"
    ],
    "codename": "add_author"
  }
},
{
  "model": "auth.permission",
  "pk": 82,
  "fields": {
    "name": "Can change author",
    "content_type": [
      "tsuro_app",
      "author"
    ],
    "codename": "change_author"
  }
},
{
  "model": "auth.permission",
  "pk": 83,
  "fields": {
    "name": "Can delete author",
    "content_type": [
      "tsuro_app",
      "author"
    ],
    "codename": "delete_author"
  }
},
{
  "model": "auth.permission",
  "pk": 84,
  "fields": {
    "name": "Can view author",
    "content_type": [
      "tsuro_app",
      "author"
    ],
    "codename": "view_author"
  }
},
{
  "model": "auth.permission",
  "pk": 85,
  "fields": {
    "name": "Can add article file",
    "content_type": [
      "tsuro_app",
      "articlefile"
    ],
    "codename": "add_articlefile"
  }
},
{
  "model": "auth.permission",
  "pk": 86,
  "fields": {
    "name": "Can change article file",
    "content_type": [
      "tsuro_app",
      "articlefile"
    ],
    "codename": "change_articlefile"
  }
},
{
  "model": "auth.permission",
  "pk": 87,
  "fields": {
    "name": "Can delete article file",
    "content_type": [
      "tsuro_app",
      "articlefile"
    ],
    "codename": "delete_articlefile"
  }
},
{
  "model": "auth.permission",
  "pk": 88,
  "fields": {
    "name": "Can view article file",
    "content_type": [
      "tsuro_app",
      "articlefile"
    ],
    "codename": "view_articlefile"
  }
},
{
  "model": "auth.permission",
  "pk": 89,
  "fields": {
    "name": "Can add task tracker",
    "content_type": [
      "tsuro_app",
      "tasktracker"
    ],
    "codename": "add_tasktracker"
  }
},
{
  "model": "auth.permission",
  "pk": 90,
  "fields": {
    "name": "Can change task tracker",
    "content_type": [
      "tsuro_app",
      "tasktracker"
    ],
    "codename": "change_tasktracker"
  }
},
{
  "model": "auth.permission",
  "pk": 91,
  "fields": {
    "name": "Can delete task tracker",
    "content_type": [
      "tsuro_app",
      "tasktracker"
    ],
    "codename": "delete_tasktracker"
  }
},
{
  "model": "auth.permission",
  "pk": 92,
  "fields": {
    "name": "Can view task tracker",
    "content_type": [
      "tsuro_app",
      "tasktracker"
    ],
    "codename": "view_tasktracker"
  }
},
{
  "model": "auth.permission",
  "pk": 93,
  "fields": {
    "name": "Can add death",
    "content_type": [
      "tsuro_app",
      "death"
    ],
    "codename": "add_death"
  }
},
{
  "model": "auth.permission",
  "pk": 94,
  "fields": {
    "name": "Can change death",
    "content_type": [
      "tsuro_app",
      "death"
    ],
    "codename": "change_death"
  }
},
{
  "model": "auth.permission",
  "pk": 95,
  "fields": {
    "name": "Can delete death",
    "content_type": [
      "tsuro_app",
      "death"
    ],
    "codename": "delete_death"
  }
},
{
  "model": "auth.permission",
  "pk": 96,
  "fields": {
    "name": "Can view death",
    "content_type": [
      "tsuro_app",
      "death"
    ],
    "codename": "view_death"
  }
},
{
  "model": "auth.permission",
  "pk": 97,
  "fields": {
    "name": "Can add harvest",
    "content_type": [
      "tsuro_app",
      "harvest"
    ],
    "codename": "add_harvest"
  }
},
{
  "model": "auth.permission",
  "pk": 98,
  "fields": {
    "name": "Can change harvest",
    "content_type": [
      "tsuro_app",
      "harvest"
    ],
    "codename": "change_harvest"
  }
},
{
  "model": "auth.permission",
  "pk": 99,
  "fields": {
    "name": "Can delete harvest",
    "content_type": [
      "tsuro_app",
      "harvest"
    ],
    "codename": "delete_harvest"
  }
},
{
  "model": "auth.permission",
  "pk": 100,
  "fields": {
    "name": "Can view harvest",
    "content_type": [
      "tsuro_app",
      "harvest"
    ],
    "codename": "view_harvest"
  }
},
{
  "model": "auth.permission",
  "pk": 101,
  "fields": {
    "name": "Can add firebase token",
    "content_type": [
      "tsuro_app",
      "firebasetoken"
    ],
    "codename": "add_firebasetoken"
  }
},
{
  "model": "auth.permission",
  "pk": 102,
  "fields": {
    "name": "Can change firebase token",
    "content_type": [
      "tsuro_app",
      "firebasetoken"
    ],
    "codename": "change_firebasetoken"
  }
},
{
  "model": "auth.permission",
  "pk": 103,
  "fields": {
    "name": "Can delete firebase token",
    "content_type": [
      "tsuro_app",
      "firebasetoken"
    ],
    "codename": "delete_firebasetoken"
  }
},
{
  "model": "auth.permission",
  "pk": 104,
  "fields": {
    "name": "Can view firebase token",
    "content_type": [
      "tsuro_app",
      "firebasetoken"
    ],
    "codename": "view_firebasetoken"
  }
},
{
  "model": "auth.permission",
  "pk": 105,
  "fields": {
    "name": "Can add sale",
    "content_type": [
      "tsuro_app",
      "sale"
    ],
    "codename": "add_sale"
  }
},
{
  "model": "auth.permission",
  "pk": 106,
  "fields": {
    "name": "Can change sale",
    "content_type": [
      "tsuro_app",
      "sale"
    ],
    "codename": "change_sale"
  }
},
{
  "model": "auth.permission",
  "pk": 107,
  "fields": {
    "name": "Can delete sale",
    "content_type": [
      "tsuro_app",
      "sale"
    ],
    "codename": "delete_sale"
  }
},
{
  "model": "auth.permission",
  "pk": 108,
  "fields": {
    "name": "Can view sale",
    "content_type": [
      "tsuro_app",
      "sale"
    ],
    "codename": "view_sale"
  }
},
{
  "model": "auth.permission",
  "pk": 109,
  "fields": {
    "name": "Can add contact enquiry",
    "content_type": [
      "tsuro_app",
      "contactenquiry"
    ],
    "codename": "add_contactenquiry"
  }
},
{
  "model": "auth.permission",
  "pk": 110,
  "fields": {
    "name": "Can change contact enquiry",
    "content_type": [
      "tsuro_app",
      "contactenquiry"
    ],
    "codename": "change_contactenquiry"
  }
},
{
  "model": "auth.permission",
  "pk": 111,
  "fields": {
    "name": "Can delete contact enquiry",
    "content_type": [
      "tsuro_app",
      "contactenquiry"
    ],
    "codename": "delete_contactenquiry"
  }
},
{
  "model": "auth.permission",
  "pk": 112,
  "fields": {
    "name": "Can view contact enquiry",
    "content_type": [
      "tsuro_app",
      "contactenquiry"
    ],
    "codename": "view_contactenquiry"
  }
},
{
  "model": "auth.permission",
  "pk": 113,
  "fields": {
    "name": "Can add mobile app log",
    "content_type": [
      "tsuro_app",
      "mobileapplog"
    ],
    "codename": "add_mobileapplog"
  }
},
{
  "model": "auth.permission",
  "pk": 114,
  "fields": {
    "name": "Can change mobile app log",
    "content_type": [
      "tsuro_app",
      "mobileapplog"
    ],
    "codename": "change_mobileapplog"
  }
},
{
  "model": "auth.permission",
  "pk": 115,
  "fields": {
    "name": "Can delete mobile app log",
    "content_type": [
      "tsuro_app",
      "mobileapplog"
    ],
    "codename": "delete_mobileapplog"
  }
},
{
  "model": "auth.permission",
  "pk": 116,
  "fields": {
    "name": "Can view mobile app log",
    "content_type": [
      "tsuro_app",
      "mobileapplog"
    ],
    "codename": "view_mobileapplog"
  }
},
{
  "model": "auth.permission",
  "pk": 117,
  "fields": {
    "name": "Can add note",
    "content_type": [
      "tsuro_app",
      "note"
    ],
    "codename": "add_note"
  }
},
{
  "model": "auth.permission",
  "pk": 118,
  "fields": {
    "name": "Can change note",
    "content_type": [
      "tsuro_app",
      "note"
    ],
    "codename": "change_note"
  }
},
{
  "model": "auth.permission",
  "pk": 119,
  "fields": {
    "name": "Can delete note",
    "content_type": [
      "tsuro_app",
      "note"
    ],
    "codename": "delete_note"
  }
},
{
  "model": "auth.permission",
  "pk": 120,
  "fields": {
    "name": "Can view note",
    "content_type": [
      "tsuro_app",
      "note"
    ],
    "codename": "view_note"
  }
},
{
  "model": "auth.permission",
  "pk": 121,
  "fields": {
    "name": "Can add api access",
    "content_type": [
      "tastypie",
      "apiaccess"
    ],
    "codename": "add_apiaccess"
  }
},
{
  "model": "auth.permission",
  "pk": 122,
  "fields": {
    "name": "Can change api access",
    "content_type": [
      "tastypie",
      "apiaccess"
    ],
    "codename": "change_apiaccess"
  }
},
{
  "model": "auth.permission",
  "pk": 123,
  "fields": {
    "name": "Can delete api access",
    "content_type": [
      "tastypie",
      "apiaccess"
    ],
    "codename": "delete_apiaccess"
  }
},
{
  "model": "auth.permission",
  "pk": 124,
  "fields": {
    "name": "Can view api access",
    "content_type": [
      "tastypie",
      "apiaccess"
    ],
    "codename": "view_apiaccess"
  }
},
{
  "model": "auth.permission",
  "pk": 125,
  "fields": {
    "name": "Can add api key",
    "content_type": [
      "tastypie",
      "apikey"
    ],
    "codename": "add_apikey"
  }
},
{
  "model": "auth.permission",
  "pk": 126,
  "fields": {
    "name": "Can change api key",
    "content_type": [
      "tastypie",
      "apikey"
    ],
    "codename": "change_apikey"
  }
},
{
  "model": "auth.permission",
  "pk": 127,
  "fields": {
    "name": "Can delete api key",
    "content_type": [
      "tastypie",
      "apikey"
    ],
    "codename": "delete_apikey"
  }
},
{
  "model": "auth.permission",
  "pk": 128,
  "fields": {
    "name": "Can view api key",
    "content_type": [
      "tastypie",
      "apikey"
    ],
    "codename": "view_apikey"
  }
},
{
  "model": "auth.permission",
  "pk": 129,
  "fields": {
    "name": "Can add account",
    "content_type": [
      "books",
      "account"
    ],
    "codename": "add_account"
  }
},
{
  "model": "auth.permission",
  "pk": 130,
  "fields": {
    "name": "Can change account",
    "content_type": [
      "books",
      "account"
    ],
    "codename": "change_account"
  }
},
{
  "model": "auth.permission",
  "pk": 131,
  "fields": {
    "name": "Can delete account",
    "content_type": [
      "books",
      "account"
    ],
    "codename": "delete_account"
  }
},
{
  "model": "auth.permission",
  "pk": 132,
  "fields": {
    "name": "Can view account",
    "content_type": [
      "books",
      "account"
    ],
    "codename": "view_account"
  }
},
{
  "model": "auth.permission",
  "pk": 133,
  "fields": {
    "name": "Can add account settings",
    "content_type": [
      "books",
      "accountsettings"
    ],
    "codename": "add_accountsettings"
  }
},
{
  "model": "auth.permission",
  "pk": 134,
  "fields": {
    "name": "Can change account settings",
    "content_type": [
      "books",
      "accountsettings"
    ],
    "codename": "change_accountsettings"
  }
},
{
  "model": "auth.permission",
  "pk": 135,
  "fields": {
    "name": "Can delete account settings",
    "content_type": [
      "books",
      "accountsettings"
    ],
    "codename": "delete_accountsettings"
  }
},
{
  "model": "auth.permission",
  "pk": 136,
  "fields": {
    "name": "Can view account settings",
    "content_type": [
      "books",
      "accountsettings"
    ],
    "codename": "view_accountsettings"
  }
},
{
  "model": "auth.permission",
  "pk": 137,
  "fields": {
    "name": "Can add single entry",
    "content_type": [
      "books",
      "singleentry"
    ],
    "codename": "add_singleentry"
  }
},
{
  "model": "auth.permission",
  "pk": 138,
  "fields": {
    "name": "Can change single entry",
    "content_type": [
      "books",
      "singleentry"
    ],
    "codename": "change_singleentry"
  }
},
{
  "model": "auth.permission",
  "pk": 139,
  "fields": {
    "name": "Can delete single entry",
    "content_type": [
      "books",
      "singleentry"
    ],
    "codename": "delete_singleentry"
  }
},
{
  "model": "auth.permission",
  "pk": 140,
  "fields": {
    "name": "Can view single entry",
    "content_type": [
      "books",
      "singleentry"
    ],
    "codename": "view_singleentry"
  }
},
{
  "model": "auth.permission",
  "pk": 141,
  "fields": {
    "name": "Can add system account",
    "content_type": [
      "books",
      "systemaccount"
    ],
    "codename": "add_systemaccount"
  }
},
{
  "model": "auth.permission",
  "pk": 142,
  "fields": {
    "name": "Can change system account",
    "content_type": [
      "books",
      "systemaccount"
    ],
    "codename": "change_systemaccount"
  }
},
{
  "model": "auth.permission",
  "pk": 143,
  "fields": {
    "name": "Can delete system account",
    "content_type": [
      "books",
      "systemaccount"
    ],
    "codename": "delete_systemaccount"
  }
},
{
  "model": "auth.permission",
  "pk": 144,
  "fields": {
    "name": "Can view system account",
    "content_type": [
      "books",
      "systemaccount"
    ],
    "codename": "view_systemaccount"
  }
},
{
  "model": "auth.permission",
  "pk": 145,
  "fields": {
    "name": "Can add transaction definition",
    "content_type": [
      "books",
      "transactiondefinition"
    ],
    "codename": "add_transactiondefinition"
  }
},
{
  "model": "auth.permission",
  "pk": 146,
  "fields": {
    "name": "Can change transaction definition",
    "content_type": [
      "books",
      "transactiondefinition"
    ],
    "codename": "change_transactiondefinition"
  }
},
{
  "model": "auth.permission",
  "pk": 147,
  "fields": {
    "name": "Can delete transaction definition",
    "content_type": [
      "books",
      "transactiondefinition"
    ],
    "codename": "delete_transactiondefinition"
  }
},
{
  "model": "auth.permission",
  "pk": 148,
  "fields": {
    "name": "Can view transaction definition",
    "content_type": [
      "books",
      "transactiondefinition"
    ],
    "codename": "view_transactiondefinition"
  }
},
{
  "model": "auth.permission",
  "pk": 149,
  "fields": {
    "name": "Can add transaction",
    "content_type": [
      "books",
      "transaction"
    ],
    "codename": "add_transaction"
  }
},
{
  "model": "auth.permission",
  "pk": 150,
  "fields": {
    "name": "Can change transaction",
    "content_type": [
      "books",
      "transaction"
    ],
    "codename": "change_transaction"
  }
},
{
  "model": "auth.permission",
  "pk": 151,
  "fields": {
    "name": "Can delete transaction",
    "content_type": [
      "books",
      "transaction"
    ],
    "codename": "delete_transaction"
  }
},
{
  "model": "auth.permission",
  "pk": 152,
  "fields": {
    "name": "Can view transaction",
    "content_type": [
      "books",
      "transaction"
    ],
    "codename": "view_transaction"
  }
},
{
  "model": "auth.permission",
  "pk": 153,
  "fields": {
    "name": "Can add declared source",
    "content_type": [
      "books",
      "declaredsource"
    ],
    "codename": "add_declaredsource"
  }
},
{
  "model": "auth.permission",
  "pk": 154,
  "fields": {
    "name": "Can change declared source",
    "content_type": [
      "books",
      "declaredsource"
    ],
    "codename": "change_declaredsource"
  }
},
{
  "model": "auth.permission",
  "pk": 155,
  "fields": {
    "name": "Can delete declared source",
    "content_type": [
      "books",
      "declaredsource"
    ],
    "codename": "delete_declaredsource"
  }
},
{
  "model": "auth.permission",
  "pk": 156,
  "fields": {
    "name": "Can view declared source",
    "content_type": [
      "books",
      "declaredsource"
    ],
    "codename": "view_declaredsource"
  }
},
{
  "model": "auth.permission",
  "pk": 157,
  "fields": {
    "name": "Can add account group",
    "content_type": [
      "books",
      "accountgroup"
    ],
    "codename": "add_accountgroup"
  }
},
{
  "model": "auth.permission",
  "pk": 158,
  "fields": {
    "name": "Can change account group",
    "content_type": [
      "books",
      "accountgroup"
    ],
    "codename": "change_accountgroup"
  }
},
{
  "model": "auth.permission",
  "pk": 159,
  "fields": {
    "name": "Can delete account group",
    "content_type": [
      "books",
      "accountgroup"
    ],
    "codename": "delete_accountgroup"
  }
},
{
  "model": "auth.permission",
  "pk": 160,
  "fields": {
    "name": "Can view account group",
    "content_type": [
      "books",
      "accountgroup"
    ],
    "codename": "view_accountgroup"
  }
},
{
  "model": "auth.permission",
  "pk": 161,
  "fields": {
    "name": "Can add double entry",
    "content_type": [
      "books",
      "doubleentry"
    ],
    "codename": "add_doubleentry"
  }
},
{
  "model": "auth.permission",
  "pk": 162,
  "fields": {
    "name": "Can change double entry",
    "content_type": [
      "books",
      "doubleentry"
    ],
    "codename": "change_doubleentry"
  }
},
{
  "model": "auth.permission",
  "pk": 163,
  "fields": {
    "name": "Can delete double entry",
    "content_type": [
      "books",
      "doubleentry"
    ],
    "codename": "delete_doubleentry"
  }
},
{
  "model": "auth.permission",
  "pk": 164,
  "fields": {
    "name": "Can view double entry",
    "content_type": [
      "books",
      "doubleentry"
    ],
    "codename": "view_doubleentry"
  }
},
{
  "model": "auth.permission",
  "pk": 165,
  "fields": {
    "name": "Can add billing account",
    "content_type": [
      "books",
      "billingaccount"
    ],
    "codename": "add_billingaccount"
  }
},
{
  "model": "auth.permission",
  "pk": 166,
  "fields": {
    "name": "Can change billing account",
    "content_type": [
      "books",
      "billingaccount"
    ],
    "codename": "change_billingaccount"
  }
},
{
  "model": "auth.permission",
  "pk": 167,
  "fields": {
    "name": "Can delete billing account",
    "content_type": [
      "books",
      "billingaccount"
    ],
    "codename": "delete_billingaccount"
  }
},
{
  "model": "auth.permission",
  "pk": 168,
  "fields": {
    "name": "Can view billing account",
    "content_type": [
      "books",
      "billingaccount"
    ],
    "codename": "view_billingaccount"
  }
},
{
  "model": "auth.permission",
  "pk": 169,
  "fields": {
    "name": "Can add invoice",
    "content_type": [
      "books",
      "invoice"
    ],
    "codename": "add_invoice"
  }
},
{
  "model": "auth.permission",
  "pk": 170,
  "fields": {
    "name": "Can change invoice",
    "content_type": [
      "books",
      "invoice"
    ],
    "codename": "change_invoice"
  }
},
{
  "model": "auth.permission",
  "pk": 171,
  "fields": {
    "name": "Can delete invoice",
    "content_type": [
      "books",
      "invoice"
    ],
    "codename": "delete_invoice"
  }
},
{
  "model": "auth.permission",
  "pk": 172,
  "fields": {
    "name": "Can view invoice",
    "content_type": [
      "books",
      "invoice"
    ],
    "codename": "view_invoice"
  }
},
{
  "model": "auth.permission",
  "pk": 173,
  "fields": {
    "name": "Can add receipt",
    "content_type": [
      "books",
      "receipt"
    ],
    "codename": "add_receipt"
  }
},
{
  "model": "auth.permission",
  "pk": 174,
  "fields": {
    "name": "Can change receipt",
    "content_type": [
      "books",
      "receipt"
    ],
    "codename": "change_receipt"
  }
},
{
  "model": "auth.permission",
  "pk": 175,
  "fields": {
    "name": "Can delete receipt",
    "content_type": [
      "books",
      "receipt"
    ],
    "codename": "delete_receipt"
  }
},
{
  "model": "auth.permission",
  "pk": 176,
  "fields": {
    "name": "Can view receipt",
    "content_type": [
      "books",
      "receipt"
    ],
    "codename": "view_receipt"
  }
},
{
  "model": "auth.permission",
  "pk": 177,
  "fields": {
    "name": "Can add billing method",
    "content_type": [
      "books",
      "billingmethod"
    ],
    "codename": "add_billingmethod"
  }
},
{
  "model": "auth.permission",
  "pk": 178,
  "fields": {
    "name": "Can change billing method",
    "content_type": [
      "books",
      "billingmethod"
    ],
    "codename": "change_billingmethod"
  }
},
{
  "model": "auth.permission",
  "pk": 179,
  "fields": {
    "name": "Can delete billing method",
    "content_type": [
      "books",
      "billingmethod"
    ],
    "codename": "delete_billingmethod"
  }
},
{
  "model": "auth.permission",
  "pk": 180,
  "fields": {
    "name": "Can view billing method",
    "content_type": [
      "books",
      "billingmethod"
    ],
    "codename": "view_billingmethod"
  }
},
{
  "model": "auth.permission",
  "pk": 181,
  "fields": {
    "name": "Can add source",
    "content_type": [
      "easy_thumbnails",
      "source"
    ],
    "codename": "add_source"
  }
},
{
  "model": "auth.permission",
  "pk": 182,
  "fields": {
    "name": "Can change source",
    "content_type": [
      "easy_thumbnails",
      "source"
    ],
    "codename": "change_source"
  }
},
{
  "model": "auth.permission",
  "pk": 183,
  "fields": {
    "name": "Can delete source",
    "content_type": [
      "easy_thumbnails",
      "source"
    ],
    "codename": "delete_source"
  }
},
{
  "model": "auth.permission",
  "pk": 184,
  "fields": {
    "name": "Can view source",
    "content_type": [
      "easy_thumbnails",
      "source"
    ],
    "codename": "view_source"
  }
},
{
  "model": "auth.permission",
  "pk": 185,
  "fields": {
    "name": "Can add thumbnail",
    "content_type": [
      "easy_thumbnails",
      "thumbnail"
    ],
    "codename": "add_thumbnail"
  }
},
{
  "model": "auth.permission",
  "pk": 186,
  "fields": {
    "name": "Can change thumbnail",
    "content_type": [
      "easy_thumbnails",
      "thumbnail"
    ],
    "codename": "change_thumbnail"
  }
},
{
  "model": "auth.permission",
  "pk": 187,
  "fields": {
    "name": "Can delete thumbnail",
    "content_type": [
      "easy_thumbnails",
      "thumbnail"
    ],
    "codename": "delete_thumbnail"
  }
},
{
  "model": "auth.permission",
  "pk": 188,
  "fields": {
    "name": "Can view thumbnail",
    "content_type": [
      "easy_thumbnails",
      "thumbnail"
    ],
    "codename": "view_thumbnail"
  }
},
{
  "model": "auth.permission",
  "pk": 189,
  "fields": {
    "name": "Can add thumbnail dimensions",
    "content_type": [
      "easy_thumbnails",
      "thumbnaildimensions"
    ],
    "codename": "add_thumbnaildimensions"
  }
},
{
  "model": "auth.permission",
  "pk": 190,
  "fields": {
    "name": "Can change thumbnail dimensions",
    "content_type": [
      "easy_thumbnails",
      "thumbnaildimensions"
    ],
    "codename": "change_thumbnaildimensions"
  }
},
{
  "model": "auth.permission",
  "pk": 191,
  "fields": {
    "name": "Can delete thumbnail dimensions",
    "content_type": [
      "easy_thumbnails",
      "thumbnaildimensions"
    ],
    "codename": "delete_thumbnaildimensions"
  }
},
{
  "model": "auth.permission",
  "pk": 192,
  "fields": {
    "name": "Can view thumbnail dimensions",
    "content_type": [
      "easy_thumbnails",
      "thumbnaildimensions"
    ],
    "codename": "view_thumbnaildimensions"
  }
},
{
  "model": "auth.permission",
  "pk": 193,
  "fields": {
    "name": "Can add clipboard",
    "content_type": [
      "filer",
      "clipboard"
    ],
    "codename": "add_clipboard"
  }
},
{
  "model": "auth.permission",
  "pk": 194,
  "fields": {
    "name": "Can change clipboard",
    "content_type": [
      "filer",
      "clipboard"
    ],
    "codename": "change_clipboard"
  }
},
{
  "model": "auth.permission",
  "pk": 195,
  "fields": {
    "name": "Can delete clipboard",
    "content_type": [
      "filer",
      "clipboard"
    ],
    "codename": "delete_clipboard"
  }
},
{
  "model": "auth.permission",
  "pk": 196,
  "fields": {
    "name": "Can view clipboard",
    "content_type": [
      "filer",
      "clipboard"
    ],
    "codename": "view_clipboard"
  }
},
{
  "model": "auth.permission",
  "pk": 197,
  "fields": {
    "name": "Can add clipboard item",
    "content_type": [
      "filer",
      "clipboarditem"
    ],
    "codename": "add_clipboarditem"
  }
},
{
  "model": "auth.permission",
  "pk": 198,
  "fields": {
    "name": "Can change clipboard item",
    "content_type": [
      "filer",
      "clipboarditem"
    ],
    "codename": "change_clipboarditem"
  }
},
{
  "model": "auth.permission",
  "pk": 199,
  "fields": {
    "name": "Can delete clipboard item",
    "content_type": [
      "filer",
      "clipboarditem"
    ],
    "codename": "delete_clipboarditem"
  }
},
{
  "model": "auth.permission",
  "pk": 200,
  "fields": {
    "name": "Can view clipboard item",
    "content_type": [
      "filer",
      "clipboarditem"
    ],
    "codename": "view_clipboarditem"
  }
},
{
  "model": "auth.permission",
  "pk": 201,
  "fields": {
    "name": "Can add file",
    "content_type": [
      "filer",
      "file"
    ],
    "codename": "add_file"
  }
},
{
  "model": "auth.permission",
  "pk": 202,
  "fields": {
    "name": "Can change file",
    "content_type": [
      "filer",
      "file"
    ],
    "codename": "change_file"
  }
},
{
  "model": "auth.permission",
  "pk": 203,
  "fields": {
    "name": "Can delete file",
    "content_type": [
      "filer",
      "file"
    ],
    "codename": "delete_file"
  }
},
{
  "model": "auth.permission",
  "pk": 204,
  "fields": {
    "name": "Can view file",
    "content_type": [
      "filer",
      "file"
    ],
    "codename": "view_file"
  }
},
{
  "model": "auth.permission",
  "pk": 205,
  "fields": {
    "name": "Can add Folder",
    "content_type": [
      "filer",
      "folder"
    ],
    "codename": "add_folder"
  }
},
{
  "model": "auth.permission",
  "pk": 206,
  "fields": {
    "name": "Can change Folder",
    "content_type": [
      "filer",
      "folder"
    ],
    "codename": "change_folder"
  }
},
{
  "model": "auth.permission",
  "pk": 207,
  "fields": {
    "name": "Can delete Folder",
    "content_type": [
      "filer",
      "folder"
    ],
    "codename": "delete_folder"
  }
},
{
  "model": "auth.permission",
  "pk": 208,
  "fields": {
    "name": "Can view Folder",
    "content_type": [
      "filer",
      "folder"
    ],
    "codename": "view_folder"
  }
},
{
  "model": "auth.permission",
  "pk": 209,
  "fields": {
    "name": "Can use directory listing",
    "content_type": [
      "filer",
      "folder"
    ],
    "codename": "can_use_directory_listing"
  }
},
{
  "model": "auth.permission",
  "pk": 210,
  "fields": {
    "name": "Can add folder permission",
    "content_type": [
      "filer",
      "folderpermission"
    ],
    "codename": "add_folderpermission"
  }
},
{
  "model": "auth.permission",
  "pk": 211,
  "fields": {
    "name": "Can change folder permission",
    "content_type": [
      "filer",
      "folderpermission"
    ],
    "codename": "change_folderpermission"
  }
},
{
  "model": "auth.permission",
  "pk": 212,
  "fields": {
    "name": "Can delete folder permission",
    "content_type": [
      "filer",
      "folderpermission"
    ],
    "codename": "delete_folderpermission"
  }
},
{
  "model": "auth.permission",
  "pk": 213,
  "fields": {
    "name": "Can view folder permission",
    "content_type": [
      "filer",
      "folderpermission"
    ],
    "codename": "view_folderpermission"
  }
},
{
  "model": "auth.permission",
  "pk": 214,
  "fields": {
    "name": "Can add image",
    "content_type": [
      "filer",
      "image"
    ],
    "codename": "add_image"
  }
},
{
  "model": "auth.permission",
  "pk": 215,
  "fields": {
    "name": "Can change image",
    "content_type": [
      "filer",
      "image"
    ],
    "codename": "change_image"
  }
},
{
  "model": "auth.permission",
  "pk": 216,
  "fields": {
    "name": "Can delete image",
    "content_type": [
      "filer",
      "image"
    ],
    "codename": "delete_image"
  }
},
{
  "model": "auth.permission",
  "pk": 217,
  "fields": {
    "name": "Can view image",
    "content_type": [
      "filer",
      "image"
    ],
    "codename": "view_image"
  }
},
{
  "model": "auth.permission",
  "pk": 218,
  "fields": {
    "name": "Can add thumbnail option",
    "content_type": [
      "filer",
      "thumbnailoption"
    ],
    "codename": "add_thumbnailoption"
  }
},
{
  "model": "auth.permission",
  "pk": 219,
  "fields": {
    "name": "Can change thumbnail option",
    "content_type": [
      "filer",
      "thumbnailoption"
    ],
    "codename": "change_thumbnailoption"
  }
},
{
  "model": "auth.permission",
  "pk": 220,
  "fields": {
    "name": "Can delete thumbnail option",
    "content_type": [
      "filer",
      "thumbnailoption"
    ],
    "codename": "delete_thumbnailoption"
  }
},
{
  "model": "auth.permission",
  "pk": 221,
  "fields": {
    "name": "Can view thumbnail option",
    "content_type": [
      "filer",
      "thumbnailoption"
    ],
    "codename": "view_thumbnailoption"
  }
},
{
  "model": "auth.permission",
  "pk": 222,
  "fields": {
    "name": "Can add crontab",
    "content_type": [
      "django_celery_beat",
      "crontabschedule"
    ],
    "codename": "add_crontabschedule"
  }
},
{
  "model": "auth.permission",
  "pk": 223,
  "fields": {
    "name": "Can change crontab",
    "content_type": [
      "django_celery_beat",
      "crontabschedule"
    ],
    "codename": "change_crontabschedule"
  }
},
{
  "model": "auth.permission",
  "pk": 224,
  "fields": {
    "name": "Can delete crontab",
    "content_type": [
      "django_celery_beat",
      "crontabschedule"
    ],
    "codename": "delete_crontabschedule"
  }
},
{
  "model": "auth.permission",
  "pk": 225,
  "fields": {
    "name": "Can view crontab",
    "content_type": [
      "django_celery_beat",
      "crontabschedule"
    ],
    "codename": "view_crontabschedule"
  }
},
{
  "model": "auth.permission",
  "pk": 226,
  "fields": {
    "name": "Can add interval",
    "content_type": [
      "django_celery_beat",
      "intervalschedule"
    ],
    "codename": "add_intervalschedule"
  }
},
{
  "model": "auth.permission",
  "pk": 227,
  "fields": {
    "name": "Can change interval",
    "content_type": [
      "django_celery_beat",
      "intervalschedule"
    ],
    "codename": "change_intervalschedule"
  }
},
{
  "model": "auth.permission",
  "pk": 228,
  "fields": {
    "name": "Can delete interval",
    "content_type": [
      "django_celery_beat",
      "intervalschedule"
    ],
    "codename": "delete_intervalschedule"
  }
},
{
  "model": "auth.permission",
  "pk": 229,
  "fields": {
    "name": "Can view interval",
    "content_type": [
      "django_celery_beat",
      "intervalschedule"
    ],
    "codename": "view_intervalschedule"
  }
},
{
  "model": "auth.permission",
  "pk": 230,
  "fields": {
    "name": "Can add periodic task",
    "content_type": [
      "django_celery_beat",
      "periodictask"
    ],
    "codename": "add_periodictask"
  }
},
{
  "model": "auth.permission",
  "pk": 231,
  "fields": {
    "name": "Can change periodic task",
    "content_type": [
      "django_celery_beat",
      "periodictask"
    ],
    "codename": "change_periodictask"
  }
},
{
  "model": "auth.permission",
  "pk": 232,
  "fields": {
    "name": "Can delete periodic task",
    "content_type": [
      "django_celery_beat",
      "periodictask"
    ],
    "codename": "delete_periodictask"
  }
},
{
  "model": "auth.permission",
  "pk": 233,
  "fields": {
    "name": "Can view periodic task",
    "content_type": [
      "django_celery_beat",
      "periodictask"
    ],
    "codename": "view_periodictask"
  }
},
{
  "model": "auth.permission",
  "pk": 234,
  "fields": {
    "name": "Can add periodic tasks",
    "content_type": [
      "django_celery_beat",
      "periodictasks"
    ],
    "codename": "add_periodictasks"
  }
},
{
  "model": "auth.permission",
  "pk": 235,
  "fields": {
    "name": "Can change periodic tasks",
    "content_type": [
      "django_celery_beat",
      "periodictasks"
    ],
    "codename": "change_periodictasks"
  }
},
{
  "model": "auth.permission",
  "pk": 236,
  "fields": {
    "name": "Can delete periodic tasks",
    "content_type": [
      "django_celery_beat",
      "periodictasks"
    ],
    "codename": "delete_periodictasks"
  }
},
{
  "model": "auth.permission",
  "pk": 237,
  "fields": {
    "name": "Can view periodic tasks",
    "content_type": [
      "django_celery_beat",
      "periodictasks"
    ],
    "codename": "view_periodictasks"
  }
},
{
  "model": "auth.permission",
  "pk": 238,
  "fields": {
    "name": "Can add solar event",
    "content_type": [
      "django_celery_beat",
      "solarschedule"
    ],
    "codename": "add_solarschedule"
  }
},
{
  "model": "auth.permission",
  "pk": 239,
  "fields": {
    "name": "Can change solar event",
    "content_type": [
      "django_celery_beat",
      "solarschedule"
    ],
    "codename": "change_solarschedule"
  }
},
{
  "model": "auth.permission",
  "pk": 240,
  "fields": {
    "name": "Can delete solar event",
    "content_type": [
      "django_celery_beat",
      "solarschedule"
    ],
    "codename": "delete_solarschedule"
  }
},
{
  "model": "auth.permission",
  "pk": 241,
  "fields": {
    "name": "Can view solar event",
    "content_type": [
      "django_celery_beat",
      "solarschedule"
    ],
    "codename": "view_solarschedule"
  }
},
{
  "model": "auth.permission",
  "pk": 242,
  "fields": {
    "name": "Can add clocked",
    "content_type": [
      "django_celery_beat",
      "clockedschedule"
    ],
    "codename": "add_clockedschedule"
  }
},
{
  "model": "auth.permission",
  "pk": 243,
  "fields": {
    "name": "Can change clocked",
    "content_type": [
      "django_celery_beat",
      "clockedschedule"
    ],
    "codename": "change_clockedschedule"
  }
},
{
  "model": "auth.permission",
  "pk": 244,
  "fields": {
    "name": "Can delete clocked",
    "content_type": [
      "django_celery_beat",
      "clockedschedule"
    ],
    "codename": "delete_clockedschedule"
  }
},
{
  "model": "auth.permission",
  "pk": 245,
  "fields": {
    "name": "Can view clocked",
    "content_type": [
      "django_celery_beat",
      "clockedschedule"
    ],
    "codename": "view_clockedschedule"
  }
},
{
  "model": "auth.group",
  "pk": 1,
  "fields": {
    "name": "Standard Users",
    "permissions": [
      [
        "add_death",
        "tsuro_app",
        "death"
      ],
      [
        "change_death",
        "tsuro_app",
        "death"
      ],
      [
        "delete_death",
        "tsuro_app",
        "death"
      ],
      [
        "view_death",
        "tsuro_app",
        "death"
      ],
      [
        "add_doe",
        "tsuro_app",
        "doe"
      ],
      [
        "change_doe",
        "tsuro_app",
        "doe"
      ],
      [
        "delete_doe",
        "tsuro_app",
        "doe"
      ],
      [
        "view_doe",
        "tsuro_app",
        "doe"
      ],
      [
        "add_harvest",
        "tsuro_app",
        "harvest"
      ],
      [
        "change_harvest",
        "tsuro_app",
        "harvest"
      ],
      [
        "delete_harvest",
        "tsuro_app",
        "harvest"
      ],
      [
        "view_harvest",
        "tsuro_app",
        "harvest"
      ],
      [
        "add_house",
        "tsuro_app",
        "house"
      ],
      [
        "change_house",
        "tsuro_app",
        "house"
      ],
      [
        "delete_house",
        "tsuro_app",
        "house"
      ],
      [
        "view_house",
        "tsuro_app",
        "house"
      ],
      [
        "add_kit",
        "tsuro_app",
        "kit"
      ],
      [
        "change_kit",
        "tsuro_app",
        "kit"
      ],
      [
        "delete_kit",
        "tsuro_app",
        "kit"
      ],
      [
        "view_kit",
        "tsuro_app",
        "kit"
      ],
      [
        "add_litter",
        "tsuro_app",
        "litter"
      ],
      [
        "change_litter",
        "tsuro_app",
        "litter"
      ],
      [
        "delete_litter",
        "tsuro_app",
        "litter"
      ],
      [
        "view_litter",
        "tsuro_app",
        "litter"
      ],
      [
        "add_note",
        "tsuro_app",
        "note"
      ],
      [
        "change_note",
        "tsuro_app",
        "note"
      ],
      [
        "delete_note",
        "tsuro_app",
        "note"
      ],
      [
        "view_note",
        "tsuro_app",
        "note"
      ],
      [
        "add_sale",
        "tsuro_app",
        "sale"
      ],
      [
        "change_sale",
        "tsuro_app",
        "sale"
      ],
      [
        "delete_sale",
        "tsuro_app",
        "sale"
      ],
      [
        "view_sale",
        "tsuro_app",
        "sale"
      ],
      [
        "add_sire",
        "tsuro_app",
        "sire"
      ],
      [
        "change_sire",
        "tsuro_app",
        "sire"
      ],
      [
        "delete_sire",
        "tsuro_app",
        "sire"
      ],
      [
        "view_sire",
        "tsuro_app",
        "sire"
      ],
      [
        "add_tasktracker",
        "tsuro_app",
        "tasktracker"
      ],
      [
        "change_tasktracker",
        "tsuro_app",
        "tasktracker"
      ],
      [
        "delete_tasktracker",
        "tsuro_app",
        "tasktracker"
      ],
      [
        "view_tasktracker",
        "tsuro_app",
        "tasktracker"
      ],
      [
        "add_weanergroup",
        "tsuro_app",
        "weanergroup"
      ],
      [
        "change_weanergroup",
        "tsuro_app",
        "weanergroup"
      ],
      [
        "delete_weanergroup",
        "tsuro_app",
        "weanergroup"
      ],
      [
        "view_weanergroup",
        "tsuro_app",
        "weanergroup"
      ],
      [
        "add_weighing",
        "tsuro_app",
        "weighing"
      ],
      [
        "change_weighing",
        "tsuro_app",
        "weighing"
      ],
      [
        "delete_weighing",
        "tsuro_app",
        "weighing"
      ],
      [
        "view_weighing",
        "tsuro_app",
        "weighing"
      ]
    ]
  }
},
{
  "model": "auth.group",
  "pk": 2,
  "fields": {
    "name": "Admin Users",
    "permissions": []
  }
},
{
  "model": "tsuro_auth.systemuser",
  "pk": 1,
  "fields": {
    "password": "pbkdf2_sha256$180000$OkhGBL8YMLN3$9WcgP1Yli48ucCT/N+q6hpVAVSbbcBf5sp6uLVJjPFI=",
    "last_login": "2021-02-23T23:22:38.266Z",
    "is_superuser": true,
    "username": "test_admin",
    "first_name": "",
    "last_name": "",
    "email": "",
    "is_staff": true,
    "is_active": true,
    "date_joined": "2021-02-23T23:16:15.638Z",
    "works_for": null,
    "weaner_reset": true,
    "is_admin": false,
    "paid_till": "2021-03-26",
    "lifetime_member": false,
    "books_account_created": true,
    "groups": [
      [
        "Standard Users"
      ]
    ],
    "user_permissions": []
  }
},
{
  "model": "tsuro_auth.systemuser",
  "pk": 2,
  "fields": {
    "password": "pbkdf2_sha256$180000$O2RrSKrPyQlN$ov0oPRXvo/P8CF0EkSYxgdTICfQzK0gJaTc4bm9AT/k=",
    "last_login": "2021-02-23T23:22:10.676Z",
    "is_superuser": false,
    "username": "test_user",
    "first_name": "",
    "last_name": "",
    "email": "test_user@mail.com",
    "is_staff": true,
    "is_active": true,
    "date_joined": "2021-02-23T23:22:08.484Z",
    "works_for": null,
    "weaner_reset": true,
    "is_admin": false,
    "paid_till": "2021-03-26",
    "lifetime_member": false,
    "books_account_created": true,
    "groups": [
      [
        "Standard Users"
      ]
    ],
    "user_permissions": []
  }
},
{
  "model": "tsuro_app.usersettings",
  "pk": 1,
  "fields": {
    "created": "2021-02-23T23:16:17.350Z",
    "last_updated": "2021-02-23T23:16:17.350Z",
    "user": [
      "test_admin"
    ],
    "mating_delay_period": 18,
    "gestation_period": 35.0,
    "days_till_pregnancy_check": 14,
    "days_till_box": 25,
    "days_to_birth": 30,
    "days_to_weaning": 30,
    "breeding_frequency": 45,
    "weeks_till_sale": 12,
    "minimun_doe_age": 5.0
  }
},
{
  "model": "tsuro_app.usersettings",
  "pk": 2,
  "fields": {
    "created": "2021-02-23T23:22:10.661Z",
    "last_updated": "2021-02-23T23:22:10.661Z",
    "user": [
      "test_user"
    ],
    "mating_delay_period": 18,
    "gestation_period": 35.0,
    "days_till_pregnancy_check": 14,
    "days_till_box": 25,
    "days_to_birth": 30,
    "days_to_weaning": 30,
    "breeding_frequency": 45,
    "weeks_till_sale": 12,
    "minimun_doe_age": 5.0
  }
},
{
  "model": "tsuro_app.causes",
  "pk": 1,
  "fields": {
    "created": "2021-02-23T23:22:10.672Z",
    "last_updated": "2021-02-23T23:22:10.672Z",
    "user": [
      "test_user"
    ],
    "text": "Canibalized by mother"
  }
},
{
  "model": "tsuro_app.causes",
  "pk": 2,
  "fields": {
    "created": "2021-02-23T23:22:10.672Z",
    "last_updated": "2021-02-23T23:22:10.672Z",
    "user": [
      "test_user"
    ],
    "text": "Starvation"
  }
},
{
  "model": "tsuro_app.causes",
  "pk": 3,
  "fields": {
    "created": "2021-02-23T23:22:10.672Z",
    "last_updated": "2021-02-23T23:22:10.672Z",
    "user": [
      "test_user"
    ],
    "text": "Bloat"
  }
},
{
  "model": "tsuro_app.causes",
  "pk": 4,
  "fields": {
    "created": "2021-02-23T23:22:10.672Z",
    "last_updated": "2021-02-23T23:22:10.672Z",
    "user": [
      "test_user"
    ],
    "text": "Predators"
  }
},
{
  "model": "tsuro_app.causes",
  "pk": 5,
  "fields": {
    "created": "2021-02-23T23:22:10.672Z",
    "last_updated": "2021-02-23T23:22:10.672Z",
    "user": [
      "test_user"
    ],
    "text": "Heat Stroke"
  }
},
{
  "model": "tsuro_app.causes",
  "pk": 6,
  "fields": {
    "created": "2021-02-23T23:22:10.672Z",
    "last_updated": "2021-02-23T23:22:10.672Z",
    "user": [
      "test_user"
    ],
    "text": "Disease"
  }
},
{
  "model": "tsuro_app.causes",
  "pk": 7,
  "fields": {
    "created": "2021-02-23T23:22:10.672Z",
    "last_updated": "2021-02-23T23:22:10.672Z",
    "user": [
      "test_user"
    ],
    "text": "Unknown"
  }
},
{
  "model": "books.systemaccount",
  "pk": 1,
  "fields": {
    "name": "opexa_books",
    "email": null,
    "settings": 1,
    "initial_setup_done": false,
    "created": "2021-02-23T23:15:46.762Z",
    "users": []
  }
},
{
  "model": "books.systemaccount",
  "pk": 2,
  "fields": {
    "name": "test_admin",
    "email": null,
    "settings": 2,
    "initial_setup_done": false,
    "created": "2021-02-23T23:16:15.790Z",
    "users": [
      [
        "test_admin"
      ]
    ]
  }
},
{
  "model": "books.systemaccount",
  "pk": 3,
  "fields": {
    "name": "test_user",
    "email": null,
    "settings": 3,
    "initial_setup_done": false,
    "created": "2021-02-23T23:22:08.639Z",
    "users": [
      [
        "test_user"
      ]
    ]
  }
}
]
